Date,Price,CVol,% Change,Open,Low,High,NAV,Total Return (Gross),% Return,Cumulative Return %
08/01/24,185.75,617208,-2.73,191.27,184.05,192.74,,197.13,-2.73,63.52
07/31/24,190.97,1345378,3.25,189.89,189.10,191.99,191.01,202.66,3.25,68.12
07/30/24,184.96,584999,-1.30,188.36,183.60,189.29,184.77,196.29,-1.30,62.83
07/29/24,187.39,278784,-0.37,189.10,186.95,189.76,187.43,198.87,-0.37,64.97
07/26/24,188.09,486115,1.34,187.96,187.36,189.36,188.01,199.61,1.34,65.58
07/25/24,185.61,1239733,-1.08,187.77,183.53,189.43,185.56,196.98,-1.08,63.40
07/24/24,187.65,966426,-3.62,192.43,187.35,193.01,187.61,199.14,-3.62,65.19
07/23/24,194.69,998266,0.16,194.17,194.14,196.37,194.80,206.61,0.16,71.39
07/22/24,194.38,741883,1.66,193.07,192.35,194.56,194.38,206.28,1.66,71.12
07/19/24,191.20,626134,-0.60,192.15,190.88,193.61,191.16,202.91,-0.60,68.32
07/18/24,192.35,822910,-0.76,195.32,190.88,195.46,192.41,204.13,-0.76,69.33
07/17/24,193.82,1122114,-3.75,197.60,193.68,197.60,193.76,205.69,-3.75,70.63
07/16/24,201.38,392428,0.53,201.09,199.56,201.51,201.32,213.71,0.53,77.28
07/15/24,200.32,648430,0.50,200.43,199.47,201.85,200.19,212.59,0.50,76.35
07/12/24,199.33,756712,0.30,198.70,198.05,201.07,199.28,211.54,0.30,75.48
07/11/24,198.74,726166,-1.41,202.06,198.17,202.14,198.78,210.91,-1.41,74.96
07/10/24,201.59,363875,0.82,200.81,199.74,201.75,201.62,213.94,0.82,77.47
07/09/24,199.96,305522,0.22,200.37,199.79,200.99,199.90,212.21,0.22,76.03
07/08/24,199.52,481269,0.47,199.46,199.00,200.09,199.54,211.74,0.47,75.64
07/05/24,198.59,315724,0.27,198.43,197.52,198.83,198.62,210.75,0.27,74.82
07/03/24,198.05,502911,0.85,196.33,196.28,198.17,198.10,210.18,0.85,74.35
07/02/24,196.39,397976,0.61,193.97,193.92,196.39,196.37,208.42,0.61,72.89
07/01/24,195.20,450297,0.17,195.70,192.88,195.70,195.22,207.15,0.17,71.84
06/28/24,194.87,550589,-0.10,195.54,194.22,197.64,194.82,206.80,-0.10,71.55
06/27/24,195.06,417976,0.37,194.38,193.99,195.32,194.99,207.01,0.37,71.72
06/26/24,194.34,304482,-0.29,194.66,193.52,194.88,194.46,206.24,-0.29,71.08
06/25/24,194.90,766704,0.92,194.00,193.26,194.95,194.86,206.84,0.92,71.58
06/24/24,193.12,501826,-1.18,194.93,193.12,195.68,193.18,204.95,-1.18,70.01
06/21/24,195.42,894180,-0.86,195.92,193.87,196.05,195.36,207.39,-0.86,72.03
06/20/24,197.11,823857,-0.85,199.70,195.67,200.16,197.06,209.18,-0.85,73.52
06/18/24,198.80,664959,0.74,197.59,197.17,199.02,198.73,210.97,0.74,75.01
06/17/24,197.34,552937,1.37,194.73,194.43,197.91,197.26,209.42,1.37,73.72
06/14/24,194.68,387147,0.04,193.81,193.29,194.68,194.62,206.60,0.04,71.38
06/13/24,194.60,655361,0.91,194.99,193.13,194.99,194.67,206.52,0.91,71.31
06/12/24,192.85,681729,1.13,192.92,192.08,193.62,192.85,204.66,1.13,69.77
06/11/24,190.70,896503,-0.36,190.91,188.81,190.91,190.64,202.38,-0.26,67.88
06/10/24,191.39,563599,1.11,189.16,188.96,191.56,191.32,202.90,1.11,68.31
06/07/24,189.29,709434,0.08,188.93,188.62,190.68,189.32,200.67,0.08,66.47
06/06/24,189.14,728152,-0.46,190.28,188.44,190.50,189.17,200.51,-0.46,66.33
06/05/24,190.02,431033,2.28,187.38,186.90,190.02,190.00,201.45,2.28,67.11
06/04/24,185.78,690500,-0.27,185.88,184.44,186.23,185.78,196.95,-0.27,63.38
06/03/24,186.28,866002,-0.17,187.94,183.75,188.07,186.25,197.48,-0.17,63.82
05/31/24,186.60,891849,-0.04,186.93,182.65,186.98,186.51,197.82,-0.04,64.10
05/30/24,186.68,693075,-1.76,188.39,185.91,188.51,186.64,197.91,-1.76,64.17
05/29/24,190.02,458502,-0.73,189.43,189.35,190.71,189.86,201.45,-0.73,67.11
05/28/24,191.41,487350,0.43,191.50,189.88,191.50,191.35,202.92,0.43,68.33
05/24/24,190.59,686841,1.01,189.02,188.76,191.08,190.63,202.05,1.01,67.61
05/23/24,188.69,741849,-0.03,191.10,187.86,191.49,188.70,200.04,-0.03,65.94
05/22/24,188.75,736707,-0.19,189.19,187.77,189.65,188.71,200.10,-0.19,65.99
05/21/24,189.10,624281,0.05,187.97,187.95,189.19,189.06,200.47,0.05,66.30
05/20/24,189.00,1197819,0.85,187.54,187.54,189.19,188.81,200.37,0.85,66.21
05/17/24,187.40,397565,-0.09,188.07,186.37,188.20,187.39,198.67,-0.09,64.80
05/16/24,187.57,567388,-0.85,189.08,187.50,189.31,187.54,198.85,-0.85,64.95
05/15/24,189.18,627567,2.33,186.11,185.94,189.23,189.15,200.56,2.33,66.37
05/14/24,184.87,1592899,0.65,183.07,182.65,185.06,184.94,195.99,0.65,62.58
05/13/24,183.68,507958,-0.51,185.38,183.35,185.38,183.63,194.73,-0.51,61.53
05/10/24,184.62,899149,0.18,185.27,184.23,186.20,184.60,195.72,0.18,62.36
05/09/24,184.29,471799,0.21,183.96,183.10,184.54,184.23,195.37,0.21,62.07
05/08/24,183.91,447109,0.14,182.39,182.39,184.50,183.89,194.97,0.14,61.73
05/07/24,183.65,1636421,-0.06,183.89,182.90,184.47,183.63,194.69,-0.06,61.51
05/06/24,183.76,509022,2.03,181.33,181.01,183.76,183.72,194.81,2.03,61.60
05/03/24,180.10,949531,1.63,179.48,179.01,180.54,180.15,190.93,1.63,58.38
05/02/24,177.21,844341,1.10,176.78,174.39,177.51,177.23,187.87,1.10,55.84
05/01/24,175.29,910062,-1.03,176.27,174.43,178.90,175.38,185.83,-1.03,54.15
04/30/24,177.11,727479,-1.46,179.48,177.06,180.51,177.07,187.76,-1.46,55.75
04/29/24,179.74,537028,0.03,180.22,178.50,180.39,179.81,190.55,0.03,58.07
04/26/24,179.68,421929,1.27,177.95,177.57,180.25,179.75,190.49,1.27,58.01
04/25/24,177.43,1177155,-0.46,174.49,173.92,178.01,177.41,188.10,-0.46,56.04
04/24/24,178.25,529257,-0.46,180.48,177.24,180.76,178.19,188.97,-0.46,56.76
04/23/24,179.07,617158,2.14,176.67,176.41,179.34,179.09,189.84,2.14,57.48
04/22/24,175.31,1382637,1.00,174.82,173.13,176.43,175.26,185.85,1.00,54.17
04/19/24,173.58,1847093,-2.55,177.21,172.75,177.90,173.39,184.02,-2.55,52.65
04/18/24,178.12,948146,-0.61,179.77,177.92,180.75,178.11,188.83,-0.61,56.64
04/17/24,179.22,935466,-1.35,182.69,178.60,182.80,179.25,190.00,-1.35,57.61
04/16/24,181.68,1703628,0.50,180.85,180.37,182.60,181.67,192.61,0.50,59.77
04/15/24,180.78,1192256,-1.70,185.54,180.40,185.93,180.75,191.65,-1.70,58.98
04/12/24,183.90,667353,-1.78,185.50,183.22,185.76,183.85,194.96,-1.78,61.73
04/11/24,187.24,924602,1.12,186.06,184.71,187.73,187.33,198.50,1.12,64.66
04/10/24,185.17,1393510,-0.40,183.49,183.24,185.70,185.20,196.31,-0.40,62.84
04/09/24,185.91,947014,-0.63,187.79,183.61,187.86,185.95,197.09,-0.63,63.49
04/08/24,187.09,618517,-0.26,188.29,186.39,188.29,187.05,198.34,-0.26,64.53
04/05/24,187.58,1015112,1.77,185.11,184.99,188.60,187.78,198.86,1.77,64.96
04/04/24,184.32,781444,-1.91,189.61,184.23,190.23,184.25,195.40,-1.91,62.09
04/03/24,187.91,1164026,0.85,185.42,185.36,188.49,187.63,199.21,0.85,65.25
04/02/24,186.32,645795,-0.66,185.39,184.42,186.39,186.24,197.53,-0.66,63.85
04/01/24,187.55,986627,0.11,187.69,186.78,188.70,187.65,198.83,0.11,64.94
03/28/24,187.35,2149917,-0.20,187.49,187.16,188.26,187.49,198.62,-0.20,64.76
03/27/24,187.72,728626,-0.01,188.91,186.11,189.07,187.63,199.01,-0.01,65.08
03/26/24,187.73,1094578,-0.34,189.05,187.63,189.53,187.64,199.02,-0.34,65.09
03/25/24,188.37,517486,-0.12,187.45,187.36,189.03,188.31,199.70,-0.12,65.66
03/22/24,188.59,451544,-0.01,188.65,187.80,189.21,188.61,199.93,-0.01,65.85
03/21/24,188.60,684440,0.95,188.78,187.91,190.00,188.59,199.94,1.04,65.86
03/20/24,186.82,592623,1.18,184.89,184.31,186.91,186.84,197.88,1.18,64.15
03/19/24,184.65,684457,0.43,182.50,181.65,184.79,184.70,195.59,0.43,62.25
03/18/24,183.86,468580,0.72,184.03,183.50,184.74,183.90,194.75,0.72,61.55
03/15/24,182.54,1057649,-1.35,183.22,182.44,184.18,182.55,193.35,-1.35,60.39
03/14/24,185.04,2071633,-0.53,186.27,183.77,186.78,184.93,196.00,-0.53,62.59
03/13/24,186.03,732099,-0.55,186.40,185.41,186.68,185.97,197.05,-0.55,63.46
03/12/24,187.06,979929,2.10,184.44,183.25,187.18,187.07,198.14,2.10,64.36
03/11/24,183.21,1678254,-1.32,184.30,181.96,184.51,183.19,194.06,-1.32,60.98
03/08/24,185.66,1189363,-1.87,189.71,184.92,190.63,185.72,196.66,-1.87,63.13
03/07/24,189.20,944960,1.65,187.85,186.80,189.45,189.21,200.41,1.65,66.24
03/06/24,186.13,839954,0.98,187.00,185.33,187.37,186.17,197.15,0.98,63.55
03/05/24,184.32,1825011,-1.82,186.47,183.05,186.65,184.29,195.24,-1.82,61.96
03/04/24,187.73,912652,0.67,187.44,187.18,188.91,187.70,198.85,0.67,64.95
03/01/24,186.48,894209,2.34,183.38,183.38,186.53,186.43,197.52,2.34,63.85
02/29/24,182.21,655995,1.08,181.26,180.30,182.66,182.35,193.00,1.08,60.10
02/28/24,180.27,595821,-0.21,179.72,179.52,180.61,180.21,190.95,-0.21,58.40
02/27/24,180.65,1107425,0.06,180.94,179.80,181.08,180.69,191.35,0.06,58.73
02/26/24,180.54,723043,0.27,180.64,180.36,181.62,180.56,191.23,0.27,58.63
02/23/24,180.06,784001,-0.18,180.98,179.08,181.86,180.10,190.72,-0.18,58.21
02/22/24,180.39,1001827,3.93,178.49,178.25,180.83,180.46,191.07,3.93,58.50
02/21/24,173.57,1261173,-0.90,173.36,172.15,173.76,173.72,183.85,-0.90,52.51
02/20/24,175.15,837493,-1.26,176.40,173.68,176.79,175.15,185.52,-1.26,53.90
02/16/24,177.38,376158,-0.99,179.82,177.25,179.83,177.35,187.89,-0.99,55.86
02/15/24,179.15,960917,0.19,179.32,178.07,179.52,179.11,189.76,0.19,57.41
02/14/24,178.81,730760,2.00,177.10,176.91,178.91,178.82,189.40,2.00,57.11
02/13/24,175.30,850029,-1.19,173.59,173.00,176.16,175.30,185.68,-1.19,54.03
02/12/24,177.41,1107086,-0.59,178.51,176.86,179.30,177.35,187.92,-0.59,55.88
02/09/24,178.46,429066,1.33,176.84,176.51,178.70,178.44,189.03,1.33,56.81
02/08/24,176.11,504409,0.43,175.64,175.64,176.55,176.11,186.54,0.43,54.74
02/07/24,175.35,366658,1.62,173.50,173.45,175.68,175.36,185.74,1.62,54.07
02/06/24,172.56,1227859,-0.44,174.50,171.45,174.65,172.51,182.78,-0.44,51.62
02/05/24,173.32,649852,0.25,172.99,171.77,173.80,173.39,183.59,0.25,52.29
02/02/24,172.89,674085,2.62,170.40,170.18,173.35,172.87,183.13,2.62,51.91
02/01/24,168.48,559832,1.71,166.72,166.50,168.62,168.48,178.46,1.71,48.04
01/31/24,165.65,432952,-1.80,166.83,165.55,167.77,165.70,175.46,-1.80,45.55
01/30/24,168.69,533948,-0.22,168.95,168.30,169.23,168.69,178.68,-0.22,48.22
01/29/24,169.06,267924,1.14,167.31,167.31,169.06,169.01,179.07,1.14,48.55
01/26/24,167.15,268746,-0.46,166.97,166.75,167.96,167.13,177.05,-0.46,46.87
01/25/24,167.92,1033886,0.68,168.12,166.94,168.90,167.89,177.87,0.68,47.55
01/24/24,166.79,536053,0.99,166.85,166.54,168.61,166.74,176.67,0.99,46.55
01/23/24,165.16,1335128,0.08,164.97,163.76,165.23,165.15,174.94,0.08,45.12
01/22/24,165.02,640094,0.27,165.72,164.71,166.26,165.05,174.79,0.27,45.00
01/19/24,164.58,539044,2.15,162.01,161.80,164.58,164.59,174.33,2.15,44.61
01/18/24,161.11,476427,1.31,160.25,159.43,161.33,161.16,170.65,1.31,41.56
01/17/24,159.03,342803,-0.57,159.03,157.69,159.27,159.08,168.45,-0.57,39.73
01/16/24,159.94,296127,0.25,159.30,159.17,160.73,159.99,169.41,0.25,40.53
01/12/24,159.54,236366,0.20,159.71,158.93,160.03,159.60,168.99,0.20,40.18
01/11/24,159.22,266918,0.57,158.86,157.05,159.74,159.30,168.65,0.57,39.90
01/10/24,158.31,282604,0.98,156.96,156.96,158.65,158.37,167.69,0.98,39.10
01/09/24,156.78,311830,0.34,155.24,155.24,157.23,156.81,166.07,0.34,37.76
01/08/24,156.25,195509,2.37,153.12,153.12,156.26,156.23,165.50,2.37,37.29
01/05/24,152.64,277157,0.21,152.23,152.14,153.54,152.68,161.68,0.21,34.12
01/04/24,152.32,300892,-0.26,152.38,152.24,153.85,152.28,161.34,-0.26,33.84
01/03/24,152.71,269226,-0.85,152.53,152.53,153.64,152.73,161.75,-0.85,34.18
01/02/24,154.02,718749,-1.83,155.43,153.19,155.70,154.01,163.14,-1.83,35.33
12/29/23,156.89,503683,-0.41,157.33,156.30,157.86,156.91,166.18,-0.41,37.85
12/28/23,157.54,288389,-0.06,157.57,157.45,157.90,157.49,166.87,-0.06,38.42
12/27/23,157.63,241113,0.25,157.37,157.03,157.70,157.52,166.97,0.25,38.50
12/26/23,157.24,135028,0.56,156.49,156.49,157.48,157.20,166.55,0.56,38.16
12/22/23,156.37,191313,0.09,156.54,155.62,156.78,156.28,165.63,0.09,37.40
12/21/23,156.23,199595,1.33,155.59,154.91,156.31,156.28,165.48,1.33,37.27
12/20/23,154.18,360982,-1.88,156.17,154.18,157.11,154.21,163.31,-1.65,35.47
12/19/23,157.13,200561,0.58,156.30,156.30,157.18,157.10,166.05,0.58,37.74
12/18/23,156.22,249148,1.11,154.87,154.87,156.57,156.21,165.09,1.11,36.95
12/15/23,154.51,354842,0.46,153.62,153.62,155.06,154.64,163.28,0.46,35.45
12/14/23,153.81,489341,-0.60,155.01,152.64,155.01,153.83,162.54,-0.60,34.83
12/13/23,154.74,273927,0.64,153.72,153.39,155.22,154.81,163.52,0.64,35.65
12/12/23,153.75,258583,0.90,151.91,151.91,153.75,153.71,162.48,0.90,34.78
12/11/23,152.39,321843,1.05,150.88,150.86,152.49,152.38,161.04,1.05,33.58
12/08/23,150.80,200736,0.84,148.96,148.96,150.90,150.80,159.36,0.84,32.19
12/07/23,149.54,218217,1.44,148.05,148.05,149.59,149.55,158.03,1.44,31.09
12/06/23,147.41,234811,-0.95,149.60,147.31,149.63,147.41,155.78,-0.95,29.22
12/05/23,148.82,315969,-0.01,147.73,147.66,149.00,148.76,157.27,-0.01,30.46
12/04/23,148.84,529073,-1.11,149.37,147.80,149.37,148.88,157.29,-1.11,30.48
12/01/23,150.51,501126,0.27,149.74,149.31,150.84,150.48,159.05,0.27,31.94
11/30/23,150.11,433765,-0.09,150.33,148.95,150.39,150.08,158.63,-0.09,31.59
11/29/23,150.24,276990,-0.09,151.05,150.05,151.36,150.17,158.77,-0.09,31.70
11/28/23,150.37,354754,-0.34,150.42,149.99,151.01,150.34,158.91,-0.34,31.82
11/27/23,150.88,336163,-0.28,150.98,150.71,151.31,150.81,159.44,-0.28,32.26
11/24/23,151.31,100400,0.05,151.15,151.09,151.47,151.30,159.90,0.05,32.64
11/22/23,151.23,271345,0.16,151.25,150.78,151.85,151.27,159.81,0.16,32.57
11/21/23,150.99,339474,-0.33,150.95,150.57,151.24,150.96,159.56,-0.33,32.36
11/20/23,151.49,1082240,1.01,149.71,149.71,151.79,151.44,160.09,1.01,32.80
11/17/23,149.98,283789,0.23,149.76,149.55,150.40,150.01,158.49,0.23,31.48
11/16/23,149.64,271007,0.40,148.76,148.76,149.67,149.66,158.13,0.40,31.18
11/15/23,149.04,397505,-0.55,150.10,148.89,150.24,149.06,157.50,-0.55,30.65
11/14/23,149.87,249486,1.64,149.12,149.05,150.17,149.82,158.38,1.64,31.38
11/13/23,147.45,451834,0.30,146.66,146.58,147.93,147.50,155.82,0.30,29.26
11/10/23,147.01,293859,1.75,145.15,145.10,147.14,147.06,155.36,1.75,28.87
11/09/23,144.48,243234,-0.58,145.70,144.38,146.00,144.50,152.68,-0.58,26.65
11/08/23,145.32,261936,0.42,144.87,144.39,145.64,145.41,153.57,0.42,27.39
11/07/23,144.71,195890,0.15,144.27,143.89,145.05,144.74,152.92,0.15,26.86
11/06/23,144.50,270495,0.52,144.00,143.90,144.53,144.51,152.70,0.52,26.67
11/03/23,143.75,242306,1.14,142.98,142.91,144.41,143.81,151.91,1.14,26.01
11/02/23,142.13,333228,1.84,141.05,140.93,142.25,142.16,150.20,1.84,24.59
11/01/23,139.56,347205,1.55,137.54,137.54,139.69,139.53,147.48,1.55,22.34
10/31/23,137.43,396060,0.42,136.87,136.13,137.57,137.42,145.23,0.42,20.47
10/30/23,136.85,279463,1.09,136.05,135.93,137.29,136.82,144.62,1.09,19.97
10/27/23,135.38,470833,-0.09,136.39,134.92,136.53,135.35,143.06,-0.09,18.68
10/26/23,135.50,318827,-1.63,137.38,135.37,137.38,135.60,143.19,-1.63,18.78
10/25/23,137.74,287983,-1.52,139.59,137.72,139.81,137.77,145.56,-1.52,20.75
10/24/23,139.86,636747,0.98,139.06,138.92,140.22,139.82,147.80,0.98,22.60
10/23/23,138.50,898456,0.30,137.65,137.48,139.70,138.52,146.36,0.30,21.41
10/20/23,138.08,530675,-1.08,139.41,138.03,139.90,138.12,145.92,-1.08,21.04
10/19/23,139.59,543875,-0.66,141.14,139.37,141.80,139.65,147.51,-0.66,22.37
10/18/23,140.52,361555,-1.26,141.53,140.20,142.19,140.55,148.50,-1.26,23.18
10/17/23,142.32,348418,-0.11,141.09,141.07,142.93,142.35,150.40,-0.11,24.76
10/16/23,142.47,304547,1.18,141.35,141.35,142.83,142.49,150.56,1.18,24.89
10/13/23,140.81,223115,-0.66,141.98,140.33,142.48,140.84,148.80,-0.66,23.44
10/12/23,141.75,439351,-0.67,142.85,140.93,143.07,141.71,149.80,-0.67,24.26
10/11/23,142.70,226940,0.34,142.55,141.71,142.81,142.74,150.80,0.34,25.09
10/10/23,142.22,356450,0.62,141.56,141.50,143.26,142.25,150.29,0.62,24.67
10/09/23,141.34,493143,0.59,139.84,139.75,141.49,141.32,149.36,0.59,23.90
10/06/23,140.51,921017,1.49,137.45,137.27,140.83,140.48,148.49,1.49,23.17
10/05/23,138.45,1911171,-0.16,138.56,137.60,138.99,138.48,146.31,-0.16,21.37
10/04/23,138.67,555176,0.81,137.63,137.31,138.88,138.80,146.54,0.81,21.56
10/03/23,137.55,312958,-1.58,138.81,137.09,139.75,137.57,145.36,-1.58,20.58
10/02/23,139.76,354328,0.04,139.71,138.80,140.30,139.80,147.69,0.04,22.52
09/29/23,139.70,739649,-0.46,141.38,139.33,141.50,139.71,147.63,-0.46,22.46
09/28/23,140.34,225662,0.81,139.11,139.11,140.95,140.34,148.31,0.81,23.02
09/27/23,139.21,327525,0.19,139.45,137.95,139.81,139.23,147.11,0.19,22.03
09/26/23,138.94,226990,-1.38,139.42,138.72,139.96,138.96,146.83,-1.09,21.80
09/25/23,140.88,629357,0.33,139.76,139.76,140.91,140.90,148.44,0.33,23.14
09/22/23,140.41,398431,0.21,140.45,140.30,141.41,140.44,147.95,0.21,22.73
09/21/23,140.11,229897,-1.78,141.46,140.10,141.93,140.15,147.63,-1.78,22.46
09/20/23,142.65,288554,-1.01,144.29,142.62,144.74,142.65,150.31,-1.01,24.68
09/19/23,144.11,196048,-0.12,143.77,143.19,144.25,144.10,151.84,-0.12,25.96
09/18/23,144.29,312846,0.21,143.58,143.58,144.75,144.32,152.03,0.21,26.12
09/15/23,143.99,226541,-1.81,146.02,143.99,146.19,144.11,151.72,-1.81,25.85
09/14/23,146.64,249790,0.82,146.12,145.68,146.81,146.60,154.51,0.82,28.17
09/13/23,145.45,284202,0.07,145.15,145.00,145.96,145.41,153.26,0.07,27.13
09/12/23,145.35,246368,-0.93,145.76,145.25,146.20,145.36,153.15,-0.93,27.04
09/11/23,146.72,378751,0.58,146.53,145.89,146.85,146.67,154.59,0.58,28.24
09/08/23,145.88,273631,0.14,145.65,145.58,146.46,145.85,153.71,0.14,27.51
09/07/23,145.67,414698,-0.30,145.16,145.01,145.88,145.65,153.49,-0.30,27.32
09/06/23,146.11,327287,-0.28,146.27,145.27,146.45,146.13,153.95,-0.28,27.71
09/05/23,146.52,667941,-0.50,147.22,146.32,147.23,146.49,154.38,-0.50,28.07
09/01/23,147.26,268353,0.04,147.96,146.65,148.17,147.22,155.16,0.04,28.71
08/31/23,147.20,369889,-0.03,147.47,147.14,148.00,147.17,155.10,-0.03,28.66
08/30/23,147.24,263967,0.31,146.72,146.65,147.66,147.27,155.14,0.31,28.69
08/29/23,146.78,534439,1.66,144.16,144.16,146.83,146.74,154.66,1.66,28.29
08/28/23,144.39,273680,0.86,143.91,143.59,144.52,144.35,152.14,0.86,26.20
08/25/23,143.16,693344,0.58,142.70,141.42,143.73,143.21,150.84,0.58,25.13
08/24/23,142.34,333172,-1.64,145.51,142.33,145.96,142.36,149.98,-1.64,24.41
08/23/23,144.71,368072,1.26,142.96,142.96,144.90,144.64,152.48,1.26,26.48
08/22/23,142.91,295131,-0.43,144.00,142.74,144.15,142.89,150.58,-0.43,24.91
08/21/23,143.52,683394,1.09,142.23,142.03,143.73,143.51,151.22,1.09,25.44
08/18/23,141.97,451308,0.27,140.55,140.55,142.32,141.99,149.59,0.27,24.09
08/17/23,141.59,231530,-1.31,143.76,141.59,144.06,141.67,149.19,-1.31,23.76
08/16/23,143.47,650657,-0.99,144.63,143.47,145.27,143.51,151.17,-0.99,25.40
08/15/23,144.90,264050,-0.58,145.22,144.61,145.63,144.79,152.68,-0.58,26.65
08/14/23,145.75,441262,1.22,143.69,143.69,145.75,145.70,153.57,1.22,27.39
08/11/23,144.00,251218,-0.42,143.73,143.57,144.51,143.97,151.73,-0.42,25.86
08/10/23,144.61,322452,0.06,144.93,144.02,146.38,144.46,152.37,0.06,26.40
08/09/23,144.53,245657,-0.90,145.64,144.26,145.87,144.42,152.29,-0.90,26.33
08/08/23,145.84,224834,-0.20,145.57,145.09,146.10,145.71,153.67,-0.20,27.47
08/07/23,146.13,229123,1.35,144.80,144.80,146.13,146.08,153.97,1.35,27.72
08/04/23,144.19,339476,-0.08,144.92,144.06,146.08,144.21,151.93,-0.08,26.03
08/03/23,144.30,314315,-0.03,143.59,143.59,145.09,144.40,152.04,-0.03,26.13
08/02/23,144.34,366481,-1.66,145.78,144.12,145.99,144.38,152.09,-1.66,26.16
08/01/23,146.77,393788,0.01,146.30,146.14,146.93,146.72,154.65,0.01,28.28
07/31/23,146.75,346240,0.18,146.56,146.26,146.91,146.76,154.63,0.18,28.27
07/28/23,146.48,275399,0.94,146.18,145.82,146.65,146.57,154.34,0.94,28.03
07/27/23,145.12,300524,-0.25,146.99,144.82,147.21,145.09,152.91,-0.25,26.84
07/26/23,145.48,318086,-0.58,145.89,144.62,145.94,145.41,153.29,-0.58,27.16
07/25/23,146.33,290696,0.74,145.01,145.01,146.68,146.30,154.18,0.74,27.90
07/24/23,145.25,254815,-0.08,145.56,145.03,145.78,145.28,153.04,-0.08,26.96
07/21/23,145.36,209284,-0.21,146.23,145.27,146.39,145.38,153.16,-0.21,27.05
07/20/23,145.67,480477,-0.88,146.20,145.51,146.64,145.64,153.49,-0.88,27.32
07/19/23,146.97,422379,-0.29,147.37,146.54,147.47,146.94,154.86,-0.29,28.46
07/18/23,147.40,278975,0.70,146.08,146.01,147.48,147.32,155.31,0.70,28.83
07/17/23,146.37,684774,0.60,145.37,145.28,146.73,146.41,154.22,0.60,27.93
07/14/23,145.49,293742,-0.09,145.64,145.28,146.68,145.50,153.30,-0.09,27.17
07/13/23,145.62,307809,0.49,145.50,145.01,145.97,145.67,153.43,0.49,27.28
07/12/23,144.91,796005,1.13,144.37,144.26,145.23,144.84,152.69,1.13,26.66
07/11/23,143.29,315657,0.27,143.05,142.39,143.45,143.33,150.98,0.27,25.24
07/10/23,142.91,521742,1.10,141.47,141.47,142.93,142.92,150.58,1.10,24.91
07/07/23,141.36,463501,-0.39,141.77,141.33,142.59,141.39,148.95,-0.39,23.56
07/06/23,141.91,463369,-1.02,142.22,141.36,142.26,141.92,149.53,-1.02,24.04
07/05/23,143.37,482774,-0.26,143.49,143.09,143.87,143.40,151.06,-0.26,25.31
07/03/23,143.75,320413,-0.35,144.30,143.48,144.30,143.81,151.46,-0.35,25.64
06/30/23,144.25,321718,1.26,143.31,143.31,144.60,144.27,151.99,1.26,26.08
06/29/23,142.45,213738,0.39,141.86,141.72,142.68,142.42,150.09,0.39,24.51
06/28/23,141.90,268498,-0.15,141.51,141.44,142.65,141.89,149.52,-0.15,24.03
06/27/23,142.12,207886,1.50,140.50,140.33,142.23,142.09,149.75,1.50,24.22
06/26/23,140.02,292242,-0.60,140.99,139.98,141.45,139.99,147.53,-0.60,22.38
06/23/23,140.86,248489,-0.77,140.89,140.52,141.42,140.93,148.42,-0.77,23.12
06/22/23,141.95,600138,0.28,140.94,140.94,141.95,141.92,149.57,0.28,24.07
06/21/23,141.55,712802,-0.26,141.53,141.05,142.04,141.52,149.15,-0.26,23.72
06/20/23,141.92,283291,-0.43,141.84,141.37,142.48,141.94,149.54,-0.43,24.04
06/16/23,142.54,385628,-0.53,143.87,142.47,144.07,142.52,150.19,-0.53,24.59
06/15/23,143.30,574300,1.07,141.50,141.38,143.72,143.21,150.99,1.07,25.25
06/14/23,141.78,372036,0.82,140.99,140.33,141.95,141.76,149.39,0.82,23.92
06/13/23,140.63,456131,0.67,140.67,139.94,141.00,140.60,148.18,0.67,22.92
06/12/23,139.69,620472,1.24,138.30,138.15,139.69,139.63,147.19,1.24,22.10
06/09/23,137.98,361807,0.24,137.98,137.58,138.53,137.93,145.38,0.24,20.60
06/08/23,137.65,411198,0.92,136.23,136.23,137.75,137.62,145.04,0.92,20.31
06/07/23,136.40,622683,-1.03,137.32,136.25,138.00,136.36,143.72,-0.64,19.22
06/06/23,137.82,479200,-0.22,137.91,137.22,138.20,137.82,144.64,-0.22,19.99
06/05/23,138.12,510070,-0.20,138.25,137.88,138.68,138.17,144.96,-0.20,20.25
06/02/23,138.39,478973,1.13,137.64,137.34,138.63,138.36,145.24,1.13,20.48
06/01/23,136.85,473491,1.00,135.41,135.31,137.36,136.82,143.63,1.00,19.14
05/31/23,135.50,601243,-0.62,135.31,135.00,135.77,135.41,142.21,-0.62,17.97
05/30/23,136.34,380742,-0.26,136.28,135.94,137.01,136.30,143.09,-0.26,18.70
05/26/23,136.70,409297,-0.13,137.03,136.43,137.67,136.75,143.47,-0.13,19.01
05/25/23,136.88,331188,-1.00,137.22,136.00,137.37,136.90,143.66,-1.00,19.17
05/24/23,138.26,439795,-0.30,138.82,138.10,139.16,138.23,145.10,-0.30,20.37
05/23/23,138.67,329203,-0.49,139.11,138.36,139.62,138.65,145.54,-0.49,20.73
05/22/23,139.35,321216,-0.41,140.05,139.25,140.77,139.34,146.25,-0.41,21.32
05/19/23,139.93,284357,0.41,139.64,139.52,140.83,139.93,146.86,0.41,21.82
05/18/23,139.36,371359,-0.07,138.92,138.02,139.51,139.39,146.26,-0.07,21.33
05/17/23,139.46,345295,0.91,138.75,138.10,139.70,139.50,146.36,0.91,21.41
05/16/23,138.20,288751,-1.47,139.83,138.20,139.83,138.24,145.04,-1.47,20.32
05/15/23,140.26,304024,0.19,140.30,139.59,140.44,140.19,147.20,0.19,22.11
05/12/23,140.00,273064,0.20,140.08,139.29,140.70,140.02,146.93,0.20,21.88
05/11/23,139.72,462368,-0.41,139.61,138.90,139.78,139.73,146.64,-0.41,21.64
05/10/23,140.30,260966,-0.06,140.77,139.42,141.00,140.33,147.25,-0.06,22.15
05/09/23,140.39,257855,-0.07,140.05,140.05,140.95,140.41,147.34,-0.07,22.22
05/08/23,140.49,443270,-0.03,140.90,140.28,141.01,140.51,147.45,-0.03,22.31
05/05/23,140.53,331000,1.74,139.43,139.36,141.05,140.48,147.49,1.74,22.35
05/04/23,138.13,900493,-0.82,138.92,137.57,139.25,138.18,144.97,-0.82,20.26
05/03/23,139.27,386054,-0.69,139.94,139.12,140.79,139.22,146.16,-0.69,21.25
05/02/23,140.24,412936,-1.70,142.15,139.25,142.15,140.28,147.18,-1.70,22.09
05/01/23,142.66,355716,0.20,142.08,141.91,143.10,142.73,149.72,0.20,24.20
04/28/23,142.37,1185798,0.69,141.12,140.87,142.67,142.39,149.42,0.69,23.95
04/27/23,141.39,1251986,0.99,140.35,139.56,141.56,141.44,148.39,0.99,23.09
04/26/23,140.00,382579,-1.54,141.46,139.66,141.46,140.06,146.93,-1.54,21.88
04/25/23,142.19,304393,-0.80,143.09,142.02,143.27,142.21,149.23,-0.80,23.79
04/24/23,143.34,343632,0.65,142.36,142.20,143.39,143.28,150.44,0.65,24.79
04/21/23,142.41,446949,-0.08,143.01,141.98,143.01,142.40,149.46,-0.08,23.98
04/20/23,142.52,1277046,-0.29,142.00,141.75,142.60,142.54,149.58,-0.29,24.08
04/19/23,142.93,424772,-0.51,143.20,142.50,143.20,142.89,150.01,-0.51,24.43
04/18/23,143.66,462593,0.12,143.51,143.14,143.74,143.63,150.77,0.12,25.07
04/17/23,143.49,414102,-0.13,143.65,142.88,143.88,143.50,150.59,-0.13,24.92
04/14/23,143.67,336193,-0.55,144.39,143.18,144.64,143.73,150.78,-0.55,25.08
04/13/23,144.47,613097,0.73,143.47,143.03,144.71,144.40,151.62,0.73,25.78
04/12/23,143.42,360659,0.17,143.61,143.18,144.28,143.36,150.52,0.17,24.86
04/11/23,143.18,332047,0.35,143.06,142.82,143.73,143.17,150.27,0.35,24.65
04/10/23,142.68,601260,0.43,142.13,142.04,142.69,142.70,149.74,0.43,24.22
04/06/23,142.07,366540,-0.14,142.24,141.83,142.53,142.09,149.10,-0.14,23.69
04/05/23,142.27,448500,1.19,140.75,140.75,142.33,142.26,149.31,1.19,23.86
04/04/23,140.59,694112,-0.87,141.96,139.97,141.96,140.63,147.55,-0.87,22.40
04/03/23,141.83,673025,2.01,140.72,140.65,142.24,141.87,148.85,2.01,23.48
03/31/23,139.04,426126,0.80,138.21,138.21,139.05,139.02,145.92,0.80,21.05
03/30/23,137.94,378297,0.20,138.22,137.24,138.22,137.96,144.77,0.20,20.09
03/29/23,137.67,434943,0.83,137.48,137.03,137.67,137.60,144.49,0.83,19.86
03/28/23,136.54,426964,0.36,135.82,135.82,137.17,136.58,143.30,0.36,18.87
03/27/23,136.05,352389,0.96,135.63,135.21,136.65,136.04,142.79,0.96,18.44
03/24/23,134.75,482779,1.07,132.40,132.05,134.85,134.67,141.42,1.07,17.31
03/23/23,133.33,546116,-1.25,134.28,132.54,135.49,133.41,139.93,-0.66,16.08
03/22/23,135.02,641713,-1.63,137.23,135.01,137.60,135.01,140.86,-1.63,16.84
03/21/23,137.26,680010,1.30,136.48,136.43,137.52,137.27,143.19,1.30,18.78
03/20/23,135.50,2574529,1.75,133.42,133.42,135.90,135.56,141.36,1.75,17.26
03/17/23,133.17,9754355,-1.63,134.64,132.76,135.12,133.24,138.93,-1.63,15.24
03/16/23,135.38,592879,0.95,132.89,132.71,135.49,135.35,141.23,0.95,17.16
03/15/23,134.11,691430,-1.71,134.06,132.67,134.63,134.10,139.91,-1.71,16.06
03/14/23,136.44,550011,0.91,136.33,135.01,137.30,136.45,142.34,0.91,18.07
03/13/23,135.21,605702,-0.65,134.22,134.10,136.99,135.20,141.05,-0.65,17.01
03/10/23,136.09,696573,-0.98,137.41,135.72,138.58,136.14,141.97,-0.98,17.77
03/09/23,137.44,404948,-1.43,139.65,137.01,140.32,137.45,143.38,-1.43,18.94
03/08/23,139.43,375048,-0.59,140.20,138.58,140.56,139.44,145.46,-0.59,20.66
03/07/23,140.26,672225,-1.36,142.09,140.02,142.23,140.28,146.32,-1.36,21.38
03/06/23,142.19,494899,0.13,141.71,141.46,142.40,142.21,148.34,0.13,23.05
03/03/23,142.01,280656,0.99,140.52,140.22,142.08,141.90,148.15,0.99,22.89
03/02/23,140.62,464717,0.44,139.80,139.47,141.07,140.65,146.70,0.44,21.69
03/01/23,140.01,711959,0.53,138.64,138.64,140.19,140.04,146.06,0.53,21.16
02/28/23,139.27,551473,-1.04,140.91,139.25,140.99,139.31,145.29,-1.04,20.52
02/27/23,140.73,512672,0.08,141.01,140.40,141.66,140.76,146.81,0.08,21.79
02/24/23,140.62,324093,-0.55,140.36,139.76,141.03,140.66,146.70,-0.55,21.69
02/23/23,141.40,350213,0.42,141.43,140.31,142.08,141.42,147.51,0.42,22.37
02/22/23,140.81,392716,-0.33,141.18,140.52,141.78,140.85,146.90,-0.33,21.85
02/21/23,141.28,510869,-0.78,141.49,141.22,142.48,141.30,147.39,-0.78,22.26
02/17/23,142.39,480064,-0.22,141.97,141.63,142.70,142.43,148.54,-0.22,23.22
02/16/23,142.71,394054,-0.94,142.93,142.66,144.01,142.74,148.88,-0.94,23.50
02/15/23,144.07,441506,-0.62,143.95,143.31,144.20,144.09,150.30,-0.62,24.68
02/14/23,144.97,338139,-0.33,145.13,144.19,145.89,144.97,151.24,-0.33,25.45
02/13/23,145.45,454825,0.50,144.72,144.30,145.45,145.35,151.74,0.50,25.87
02/10/23,144.72,377734,1.94,142.60,142.60,144.85,144.69,150.97,1.94,25.24
02/09/23,141.96,542300,-0.20,142.93,141.88,143.41,141.98,148.10,-0.20,22.85
02/08/23,142.25,807835,-0.52,142.73,142.10,143.01,142.34,148.40,-0.52,23.10
02/07/23,142.99,1000470,1.17,140.78,140.55,143.27,143.00,149.17,1.17,23.74
02/06/23,141.34,609060,0.15,140.90,140.89,141.92,141.38,147.45,0.15,22.31
02/03/23,141.13,1333775,-0.09,141.34,140.96,142.45,141.20,147.23,-0.09,22.13
02/02/23,141.26,701412,-1.91,143.22,140.19,143.22,141.29,147.37,-1.91,22.24
02/01/23,144.01,803213,-0.77,144.60,142.52,145.04,144.04,150.23,-0.77,24.62
01/31/23,145.13,597323,1.23,143.42,143.37,145.13,145.09,151.40,1.23,25.59
01/30/23,143.37,380444,-0.82,144.09,143.30,144.90,143.39,149.57,-0.82,24.07
01/27/23,144.55,372797,-1.18,145.72,144.51,146.29,144.55,150.80,-1.18,25.09
01/26/23,146.27,464378,0.95,145.68,144.91,146.27,146.25,152.59,0.95,26.58
01/25/23,144.90,319715,0.30,143.90,143.49,144.93,144.93,151.16,0.30,25.39
01/24/23,144.46,526226,0.31,143.99,142.76,144.54,144.45,150.70,0.31,25.01
01/23/23,144.01,432352,0.21,144.18,143.58,144.93,143.99,150.23,0.21,24.62
01/20/23,143.71,381284,0.58,143.02,142.22,143.91,143.91,149.92,0.58,24.36
01/19/23,142.88,428299,-0.11,142.39,142.28,143.43,142.87,149.06,-0.11,23.65
01/18/23,143.04,949604,-1.69,145.65,142.94,146.02,143.07,149.22,-1.69,23.78
01/17/23,145.50,1161299,-0.32,146.14,145.28,146.69,145.49,151.79,-0.32,25.91
01/13/23,145.97,451044,0.24,145.00,144.84,146.15,145.96,152.28,0.24,26.32
01/12/23,145.62,560700,0.28,145.35,144.52,146.25,145.66,151.91,0.28,26.02
01/11/23,145.22,1470751,0.46,144.99,144.34,145.24,145.21,151.50,0.46,25.67
01/10/23,144.56,398894,0.51,143.75,143.37,144.61,144.50,150.81,0.51,25.10
01/09/23,143.82,373769,-1.34,146.41,143.62,146.41,143.82,150.04,-1.34,24.46
01/06/23,145.77,434427,1.67,144.39,144.39,146.34,145.75,152.07,1.67,26.15
01/05/23,143.37,422157,-0.07,143.04,142.60,143.92,143.42,149.57,-0.07,24.07
01/04/23,143.47,493694,-0.09,143.25,142.60,144.25,143.45,149.67,-0.09,24.16
01/03/23,143.60,589253,-1.60,145.55,142.51,145.70,143.67,149.81,-1.60,24.27
12/30/22,145.93,450311,-0.01,145.45,144.68,146.09,146.03,152.24,-0.01,26.29
12/29/22,145.95,366761,0.54,145.44,145.44,146.49,145.99,152.26,0.54,26.30
12/28/22,145.16,302488,-1.18,146.95,145.07,147.30,145.20,151.43,-1.18,25.62
12/27/22,146.89,329114,0.18,147.12,146.48,147.28,146.87,153.24,0.18,27.12
12/23/22,146.63,436625,1.09,145.26,144.87,146.63,146.61,152.97,1.09,26.89
12/22/22,145.05,366207,-1.10,146.02,143.33,146.28,145.05,151.32,-1.10,25.52
12/21/22,146.66,375424,1.43,145.76,145.00,146.91,146.64,153.00,1.43,26.92
12/20/22,144.59,399429,0.39,143.84,143.79,145.29,144.61,150.84,0.39,25.13
12/19/22,144.03,372725,-0.17,144.91,143.34,145.15,144.08,150.25,-0.17,24.64
12/16/22,144.28,421186,-0.70,143.93,143.09,144.73,144.31,150.52,-0.70,24.86
12/15/22,145.29,646988,-1.33,146.11,144.53,146.44,145.34,151.57,-1.33,25.73
12/14/22,147.25,474308,-0.16,147.64,146.48,148.52,147.31,153.61,-0.16,27.43
12/13/22,147.49,478472,-0.81,149.60,147.20,149.90,147.42,153.86,-0.24,27.64
12/12/22,148.69,404964,1.38,146.75,146.75,148.69,148.65,154.24,1.38,27.94
12/09/22,146.66,482893,-1.72,148.61,146.65,149.05,146.70,152.13,-1.72,26.20
12/08/22,149.22,392652,0.13,150.15,148.71,150.22,149.21,154.79,0.13,28.40
12/07/22,149.02,319022,0.30,148.41,148.41,150.00,149.08,154.58,0.30,28.23
12/06/22,148.57,515641,-1.17,150.01,147.92,150.62,148.60,154.11,-1.17,27.84
12/05/22,150.33,411571,-1.53,152.23,149.74,152.43,150.30,155.94,-1.53,29.35
12/02/22,152.66,359832,0.43,150.98,150.85,152.84,152.64,158.35,0.43,31.36
12/01/22,152.01,912850,-0.49,153.34,151.62,153.36,152.04,157.68,-0.49,30.80
11/30/22,152.76,497766,1.77,150.65,149.28,152.76,152.75,158.46,1.77,31.45
11/29/22,150.10,340355,0.10,150.11,149.37,150.59,150.15,155.70,0.10,29.16
11/28/22,149.95,291814,-1.18,150.30,149.72,151.05,149.91,155.54,-1.18,29.03
11/25/22,151.74,115430,0.13,151.40,151.40,152.06,151.68,157.40,0.13,30.57
11/23/22,151.54,280565,-0.05,151.03,150.65,151.80,151.46,157.19,-0.05,30.40
11/22/22,151.62,339553,1.45,150.15,150.15,151.72,151.59,157.28,1.45,30.46
11/21/22,149.46,361230,0.01,148.63,147.90,149.76,149.38,155.03,0.01,28.61
11/18/22,149.45,360903,0.65,148.74,148.34,149.74,149.42,155.02,0.65,28.60
11/17/22,148.48,454725,0.40,146.56,146.56,148.51,148.43,154.02,0.40,27.76
11/16/22,147.89,1205967,-0.47,148.11,147.79,149.06,147.91,153.41,-0.47,27.26
11/15/22,148.59,5334393,0.38,149.13,147.33,149.34,148.58,154.13,0.38,27.86
11/14/22,148.03,715559,-0.04,148.11,147.99,149.93,148.03,153.55,-0.04,27.38
11/11/22,148.09,1749297,-0.42,149.22,146.60,149.30,148.12,153.61,-0.42,27.43
11/10/22,148.72,749556,2.64,148.05,146.54,148.90,148.74,154.27,2.64,27.97
11/09/22,144.89,419570,-2.28,147.40,144.71,147.85,144.90,150.29,-2.28,24.67
11/08/22,148.27,635423,0.64,147.56,146.87,148.92,148.19,153.80,0.64,27.58
11/07/22,147.32,662902,1.05,145.89,145.76,147.58,147.23,152.81,1.05,26.76
11/04/22,145.79,685812,0.55,146.79,143.93,146.98,145.79,151.23,0.55,25.45
11/03/22,144.99,575758,0.07,143.60,143.32,145.82,145.03,150.40,0.07,24.76
11/02/22,144.89,1353561,-1.70,147.09,144.80,148.66,144.86,150.29,-1.70,24.67
11/01/22,147.39,2266163,-0.17,148.54,146.43,148.65,147.44,152.89,-0.17,26.82
10/31/22,147.64,661893,-0.32,147.07,147.00,148.54,147.50,153.15,-0.32,27.04
10/28/22,148.11,634498,1.98,145.88,145.88,148.11,147.93,153.63,1.98,27.44
10/27/22,145.24,751817,0.03,145.70,144.99,146.54,145.10,150.66,0.03,24.97
10/26/22,145.19,761806,0.64,144.36,144.36,146.28,145.10,150.61,0.64,24.93
10/25/22,144.27,810391,0.63,143.04,142.65,144.34,144.19,149.65,0.63,24.14
10/24/22,143.36,1173653,1.30,142.07,142.07,143.77,143.27,148.71,1.30,23.36
10/21/22,141.52,2796382,2.53,138.11,137.90,141.78,141.45,146.80,2.53,21.77
10/20/22,138.03,8254954,-0.43,139.15,137.67,139.65,138.01,143.18,-0.43,18.77
10/19/22,138.63,573693,0.11,138.13,137.61,139.26,138.59,143.80,0.11,19.29
10/18/22,138.48,760588,1.05,138.63,137.13,139.14,138.39,143.64,1.05,19.16
10/17/22,137.04,569418,1.39,136.57,136.51,137.64,136.98,142.15,1.39,17.92
10/14/22,135.16,930783,-1.97,137.94,134.75,138.91,134.83,140.20,-1.97,16.30
10/13/22,137.88,1392565,2.73,132.24,132.13,138.26,137.83,143.02,2.73,18.64
10/12/22,134.21,1158527,-0.30,134.44,134.18,135.27,134.19,139.22,-0.30,15.48
10/11/22,134.61,5231909,0.15,133.33,133.33,136.16,134.58,139.63,0.15,15.83
10/10/22,134.41,477692,-0.54,135.44,133.85,135.99,134.38,139.42,-0.54,15.66
10/07/22,135.14,521244,-1.62,136.58,134.38,136.95,135.14,140.18,-1.62,16.28
10/06/22,137.36,856874,-0.67,137.77,137.19,138.76,137.43,142.48,-0.67,18.19
10/05/22,138.28,643721,0.13,137.22,136.55,139.15,138.31,143.44,0.13,18.99
10/04/22,138.10,788480,2.46,136.42,135.85,138.11,138.06,143.25,2.46,18.83
10/03/22,134.79,1139742,2.76,133.12,132.86,135.23,134.76,139.82,2.76,15.98
09/30/22,131.18,1040596,-1.20,132.63,131.03,133.29,131.09,136.07,-1.20,12.87
09/29/22,132.77,835092,-1.43,133.93,131.81,134.10,132.79,137.72,-1.43,14.24
09/28/22,134.69,1127525,2.15,132.68,132.03,135.27,134.67,139.71,2.15,15.90
09/27/22,131.85,987594,-0.08,133.10,131.36,133.84,131.85,136.77,-0.08,13.45
09/26/22,131.95,999898,-1.95,132.83,131.60,133.78,131.93,136.87,-1.19,13.54
09/23/22,134.58,1028767,-2.27,136.02,133.16,136.02,134.56,138.52,-2.27,14.91
09/22/22,137.71,765789,0.20,137.69,137.22,138.76,137.71,141.74,0.20,17.58
09/21/22,137.44,994249,-1.38,140.10,137.43,140.80,137.42,141.46,-1.38,17.35
09/20/22,139.36,543263,-0.68,139.36,138.20,139.85,139.38,143.44,-0.68,18.99
09/19/22,140.31,488447,0.36,138.28,138.23,140.37,140.33,144.42,0.36,19.80
09/16/22,139.81,1293462,-0.58,139.90,138.65,140.20,139.89,143.90,-0.58,19.37
09/15/22,140.63,808163,-0.83,141.25,140.28,141.78,140.65,144.75,-0.83,20.07
09/14/22,141.80,891344,0.78,141.26,140.80,142.49,141.85,145.95,0.78,21.07
09/13/22,140.70,709003,-3.11,143.29,140.23,143.85,140.74,144.82,-3.11,20.13
09/12/22,145.22,418319,0.83,144.90,144.51,145.71,145.17,149.47,0.83,23.99
09/09/22,144.03,329567,1.30,143.08,142.73,144.37,143.95,148.25,1.30,22.98
09/08/22,142.18,750165,0.60,140.76,140.60,142.32,142.19,146.34,0.60,21.40
09/07/22,141.33,931905,0.95,139.24,139.14,141.53,141.26,145.47,0.95,20.67
09/06/22,140.00,1086336,-0.25,140.94,139.62,141.43,139.92,144.09,-0.25,19.53
09/02/22,140.35,682918,-0.54,142.70,139.81,143.03,140.38,144.46,-0.54,19.83
09/01/22,141.11,694553,0.39,139.81,139.26,141.22,141.15,145.24,0.39,20.48
08/31/22,140.56,588202,-0.95,141.57,140.56,142.21,140.61,144.68,-0.95,20.01
08/30/22,141.91,596869,-1.57,143.65,141.49,143.65,141.88,146.07,-1.57,21.17
08/29/22,144.17,555175,-0.22,143.63,143.38,145.28,144.12,148.39,-0.22,23.10
08/26/22,144.49,874025,-2.15,147.59,144.37,147.83,144.43,148.72,-2.15,23.37
08/25/22,147.67,616893,0.87,146.61,146.13,147.67,147.58,151.99,0.87,26.08
08/24/22,146.39,343679,0.46,145.52,145.50,146.46,146.31,150.68,0.46,24.99
08/23/22,145.72,408398,0.19,145.66,145.41,146.43,145.69,149.99,0.19,24.42
08/22/22,145.45,564991,-1.01,145.72,145.10,146.25,145.41,149.71,-1.01,24.19
08/19/22,146.93,450461,-0.10,146.72,146.59,147.60,146.91,151.23,-0.10,25.45
08/18/22,147.07,411469,0.68,146.36,146.36,147.24,147.08,151.38,0.68,25.57
08/17/22,146.08,812799,0.03,145.37,145.37,146.80,146.10,150.36,0.03,24.73
08/16/22,146.04,458078,0.25,145.53,145.53,146.47,146.06,150.32,0.25,24.69
08/15/22,145.67,481155,0.03,144.33,143.77,145.85,145.70,149.94,0.03,24.38
08/12/22,145.63,540417,1.42,144.03,143.83,145.65,145.64,149.89,1.42,24.34
08/11/22,143.59,640956,0.20,143.74,143.42,144.63,143.61,147.79,0.20,22.60
08/10/22,143.30,660778,0.84,143.09,142.38,143.31,143.29,147.50,0.84,22.35
08/09/22,142.11,601078,0.58,141.46,141.46,142.69,142.12,146.27,0.58,21.34
08/08/22,141.29,748324,0.38,141.21,140.83,142.02,141.26,145.43,0.38,20.64
08/05/22,140.76,492011,0.35,139.30,139.12,140.93,140.84,144.88,0.35,20.18
08/04/22,140.27,498238,-1.16,141.40,140.08,141.77,140.28,144.38,-1.16,19.77
08/03/22,141.91,546997,0.22,142.11,141.25,142.36,141.87,146.07,0.22,21.17
08/02/22,141.60,828646,-0.55,142.36,141.52,143.07,141.57,145.75,-0.55,20.90
08/01/22,142.38,691317,-0.73,142.36,141.93,143.00,142.36,146.55,-0.73,21.57
07/29/22,143.42,574636,1.18,142.25,141.95,143.64,143.35,147.62,1.18,22.46
07/28/22,141.75,463462,0.85,140.93,139.49,142.22,141.73,145.90,0.85,21.03
07/27/22,140.56,711616,1.13,139.25,138.35,140.98,140.52,144.68,1.13,20.01
07/26/22,138.99,441803,-0.19,139.18,138.63,139.81,138.99,143.06,-0.19,18.67
07/25/22,139.26,532649,1.26,137.98,137.91,139.31,139.23,143.34,1.26,18.90
07/22/22,137.53,730793,-0.13,138.14,136.81,138.66,137.54,141.56,-0.13,17.43
07/21/22,137.71,914012,0.07,136.63,135.72,137.74,137.74,141.74,0.07,17.58
07/20/22,137.61,619151,-0.31,137.56,136.84,138.05,137.57,141.64,-0.31,17.49
07/19/22,138.04,5071529,1.79,136.47,136.33,138.18,138.06,142.08,1.79,17.86
07/18/22,135.61,583539,-0.95,137.82,135.27,138.06,135.63,139.58,-0.95,15.79
07/15/22,136.91,829808,1.59,136.12,135.53,136.92,136.88,140.92,1.59,16.90
07/14/22,134.77,982153,-0.42,133.21,132.60,134.93,134.76,138.72,-0.42,15.07
07/13/22,135.34,1082819,-0.32,134.29,134.29,136.48,135.33,139.30,-0.32,15.56
07/12/22,135.77,951008,-0.99,136.27,135.23,137.09,135.76,139.75,-0.99,15.92
07/11/22,137.13,713431,-0.42,136.97,136.54,137.79,137.12,141.15,-0.42,17.08
07/08/22,137.71,640318,0.16,137.49,137.27,138.40,137.68,141.74,0.16,17.58
07/07/22,137.49,806222,1.00,136.76,136.76,137.81,137.48,141.52,1.00,17.39
07/06/22,136.13,1202858,0.29,135.36,134.61,136.82,136.09,140.12,0.29,16.23
07/05/22,135.74,1563524,-1.52,136.00,133.26,136.25,135.74,139.71,-1.52,15.90
07/01/22,137.83,1145003,1.07,136.13,135.09,137.96,137.77,141.87,1.07,17.68
06/30/22,136.37,1417497,-0.29,135.51,135.28,137.10,136.29,140.36,-0.29,16.44
06/29/22,136.77,1163269,-0.31,137.67,136.51,138.11,136.80,140.77,-0.31,16.78
06/28/22,137.20,1366206,-0.73,139.12,136.68,139.94,137.19,141.21,-0.73,17.14
06/27/22,138.20,1077434,0.80,137.59,137.38,138.85,138.14,142.25,0.80,18.00
06/24/22,137.10,926903,2.08,135.37,135.04,137.10,137.06,141.11,2.08,17.06
06/23/22,134.31,1560697,0.34,134.57,132.88,135.15,134.28,138.24,0.34,14.68
06/22/22,133.86,1417928,-0.56,132.16,132.16,135.40,133.85,137.78,-0.56,14.29
06/21/22,134.61,1437550,3.35,131.92,131.92,135.13,134.56,138.55,3.35,14.93
06/17/22,130.25,1832175,-1.37,131.83,129.62,132.76,130.28,134.06,-1.37,11.21
06/16/22,132.06,1528947,-2.56,132.78,131.17,133.25,132.05,135.93,-2.56,12.76
06/15/22,135.53,2260793,0.08,136.07,133.47,136.92,135.48,139.50,0.08,15.72
06/14/22,135.42,1866984,-0.50,136.81,134.30,137.30,135.38,139.39,-0.50,15.62
06/13/22,136.10,1733080,-3.45,137.91,135.53,138.34,136.15,140.09,-3.45,16.21
06/10/22,140.96,1159177,-1.56,141.65,140.66,142.36,140.95,145.09,-1.56,20.35
06/09/22,143.20,975023,-2.45,145.69,143.17,146.45,143.20,147.39,-2.19,22.27
06/08/22,146.79,1156209,-0.93,147.69,146.50,148.16,146.77,150.70,-0.93,25.01
06/07/22,148.17,1511666,1.61,145.13,144.99,148.24,148.15,152.11,1.61,26.18
06/06/22,145.82,1106850,0.10,146.55,145.38,146.81,145.80,149.70,0.10,24.18
06/03/22,145.68,1430052,-0.43,145.22,145.22,146.47,145.70,149.56,-0.43,24.06
06/02/22,146.31,1732040,0.46,145.60,143.72,146.39,146.35,150.20,0.46,24.60
06/01/22,145.64,7100471,-0.28,146.88,144.36,147.08,145.63,149.52,-0.28,24.03
05/31/22,146.05,1325713,-1.28,147.76,145.85,147.92,146.13,149.94,-1.28,24.38
05/27/22,147.94,1091412,2.69,144.79,144.73,147.96,147.96,151.88,2.69,25.99
05/26/22,144.07,885866,3.02,139.92,139.92,144.68,144.06,147.90,3.02,22.69
05/25/22,139.84,784388,1.56,137.16,137.11,140.56,139.72,143.56,1.56,19.09
05/24/22,137.69,946841,-1.73,138.12,135.45,138.37,137.60,141.35,-1.73,17.26
05/23/22,140.12,967696,2.25,138.02,137.26,140.48,140.09,143.85,2.25,19.33
05/20/22,137.04,1203613,-0.21,139.21,133.27,139.32,137.08,140.69,-0.21,16.70
05/19/22,137.33,1384643,0.07,135.94,135.87,139.16,137.31,140.98,0.07,16.95
05/18/22,137.24,721182,-4.61,141.45,136.61,141.75,137.21,140.89,-4.61,16.87
05/17/22,143.88,768157,2.38,142.88,141.48,144.00,143.89,147.71,2.38,22.53
05/16/22,140.53,1717807,-1.29,141.44,140.10,142.33,140.54,144.27,-1.29,19.68
05/13/22,142.36,1434754,3.71,139.68,139.66,143.30,142.38,146.15,3.71,21.23
05/12/22,137.27,3044784,0.12,135.33,134.17,139.08,137.27,140.92,0.12,16.90
05/11/22,137.11,2531177,-2.39,139.82,136.86,142.65,137.12,140.76,-2.39,16.76
05/10/22,140.47,2825099,0.60,142.11,138.14,143.26,140.47,144.21,0.60,19.62
05/09/22,139.63,1995562,-4.79,143.75,138.88,144.46,139.57,143.35,-4.79,18.91
05/06/22,146.65,1649806,-1.13,147.31,144.09,148.41,146.68,150.55,-1.13,24.89
05/05/22,148.32,946460,-4.29,153.29,146.56,153.57,148.37,152.27,-4.29,26.31
05/04/22,154.97,1292470,3.29,150.35,147.93,155.31,155.02,159.09,3.29,31.97
05/03/22,150.04,1090105,0.77,148.94,148.70,150.96,150.07,154.03,0.77,27.77
05/02/22,148.89,2374484,1.33,146.97,145.07,149.11,148.88,152.85,1.33,26.80
04/29/22,146.93,2355355,-3.72,151.76,146.73,153.58,146.94,150.84,-3.72,25.13
04/28/22,152.60,1662604,2.71,150.49,147.96,153.65,152.62,156.66,2.71,29.95
04/27/22,148.57,1890522,-0.04,148.83,147.81,150.97,148.52,152.52,-0.04,26.52
04/26/22,148.63,1275411,-3.73,153.27,148.57,153.53,148.63,152.58,-3.73,26.57
04/25/22,154.39,1771653,0.75,151.62,150.56,154.42,154.33,158.50,0.75,31.48
04/22/22,153.24,1578872,-3.12,157.91,153.04,158.18,153.18,157.32,-3.12,30.50
04/21/22,158.17,820235,-2.30,164.06,157.73,164.85,158.19,162.38,-2.30,34.70
04/20/22,161.90,2093632,-0.24,163.42,161.63,163.78,161.93,166.21,-0.24,37.87
04/19/22,162.29,831670,1.90,159.11,159.05,162.54,162.27,166.61,1.90,38.21
04/18/22,159.27,818021,0.08,158.74,158.19,160.26,159.30,163.51,0.08,35.64
04/14/22,159.14,633461,-1.86,161.70,159.09,162.36,159.17,163.37,-1.86,35.52
04/13/22,162.16,894987,1.39,159.71,159.65,162.54,162.19,166.47,1.39,38.10
04/12/22,159.94,883374,-0.53,162.25,159.10,163.98,159.93,164.20,-0.53,36.21
04/11/22,160.79,941966,-2.12,162.51,160.65,162.66,160.79,165.07,-2.12,36.93
04/08/22,164.28,807486,-0.50,164.73,163.80,165.79,164.25,168.65,-0.50,39.90
04/07/22,165.10,865315,0.79,163.36,162.32,165.98,165.04,169.49,0.79,40.60
04/06/22,163.81,777305,-1.73,164.62,162.31,164.99,163.78,168.17,-1.73,39.50
04/05/22,166.69,685131,-2.18,169.81,166.23,170.21,166.69,171.13,-2.18,41.95
04/04/22,170.40,494107,1.10,168.74,168.73,170.47,170.41,174.93,1.10,45.11
04/01/22,168.54,579276,0.16,168.79,167.08,169.19,168.53,173.02,0.16,43.53
03/31/22,168.27,855140,-1.44,170.54,168.13,171.70,168.08,172.75,-1.44,43.30
03/30/22,170.72,1167972,-1.17,172.12,169.89,172.48,170.75,175.26,-1.17,45.39
03/29/22,172.74,531716,1.42,172.10,170.31,173.11,172.67,177.34,1.42,47.11
03/28/22,170.32,453479,1.27,168.33,167.36,170.33,170.35,174.85,1.27,45.05
03/25/22,168.19,628846,-0.04,168.26,166.69,168.74,168.16,172.67,-0.04,43.23
03/24/22,168.25,542014,1.47,166.05,165.51,168.25,168.24,172.73,1.70,43.28
03/23/22,165.81,1181025,-1.67,167.19,165.72,168.35,165.80,169.84,-1.67,40.89
03/22/22,168.62,574344,1.82,166.07,166.07,169.04,168.61,172.72,1.82,43.28
03/21/22,165.61,995487,-0.13,165.72,163.81,166.72,165.55,169.64,-0.13,40.72
03/18/22,165.82,768064,1.95,161.93,161.93,165.96,165.82,169.85,1.95,40.90
03/17/22,162.65,689541,1.78,159.07,158.87,162.74,162.67,166.60,1.78,38.20
03/16/22,159.81,1283300,3.48,156.24,154.93,159.86,159.80,163.70,3.48,35.79
03/15/22,154.43,862959,2.56,151.35,150.81,154.67,154.38,158.18,2.56,31.22
03/14/22,150.58,1200724,-1.15,152.47,149.98,154.03,150.60,154.24,-1.15,27.95
03/11/22,152.33,1001343,-1.93,156.15,152.22,156.60,152.39,156.03,-1.93,29.43
03/10/22,155.33,1497204,-0.49,153.92,152.97,155.63,155.30,159.11,-0.49,31.98
03/09/22,156.09,1322345,4.01,153.86,153.14,156.93,156.05,159.88,4.01,32.63
03/08/22,150.07,2584173,-0.51,150.79,149.05,153.91,150.14,153.72,-0.51,27.51
03/07/22,150.84,2550193,-3.97,156.93,150.76,157.01,150.83,154.51,-3.97,28.17
03/04/22,157.07,1115865,-1.59,158.14,155.47,158.45,157.04,160.89,-1.59,33.46
03/03/22,159.61,1177310,-1.45,162.45,158.64,162.51,159.55,163.49,-1.45,35.62
03/02/22,161.96,2162935,2.22,159.52,158.86,162.54,161.96,165.90,2.22,37.62
03/01/22,158.45,1247198,-1.57,160.76,157.38,161.14,158.47,162.30,-1.57,34.63
02/28/22,160.97,684871,0.11,158.85,158.70,161.90,161.00,164.88,0.11,36.78
02/25/22,160.80,960483,1.96,157.87,156.95,160.94,160.89,164.71,1.96,36.63
02/24/22,157.71,1410530,2.83,148.38,148.15,158.02,157.72,161.54,2.83,34.01
02/23/22,153.37,1246653,-2.19,158.22,153.07,158.89,153.33,157.10,-2.19,30.32
02/22/22,156.80,1851498,-1.20,157.48,155.31,159.86,156.86,160.61,-1.20,33.23
02/18/22,158.71,1310723,-1.16,160.60,157.83,161.38,158.71,162.57,-1.16,34.86
02/17/22,160.57,945957,-3.39,164.52,160.25,164.61,160.53,164.47,-3.39,36.44
02/16/22,166.21,915818,0.08,164.95,164.05,166.72,166.17,170.25,0.08,41.23
02/15/22,166.08,737431,2.34,164.23,164.23,166.17,166.04,170.12,2.34,41.12
02/14/22,162.28,1184259,-0.77,162.85,160.78,163.93,162.31,166.22,-0.77,37.88
02/11/22,163.53,1805855,-2.89,168.30,162.67,169.23,163.55,167.51,-2.89,38.95
02/10/22,168.40,1364336,-1.87,168.74,167.38,172.67,168.35,172.49,-1.87,43.09
02/09/22,171.61,1773299,2.44,168.90,168.90,171.73,171.54,175.78,2.44,45.82
02/08/22,167.53,1741984,0.68,165.72,164.96,167.98,167.58,171.60,0.68,42.35
02/07/22,166.40,1285811,-0.25,167.09,165.90,168.12,166.34,170.45,-0.25,41.39
02/04/22,166.81,1934583,1.30,164.69,163.91,168.41,166.79,170.87,1.30,41.74
02/03/22,164.67,2406380,-2.34,166.16,164.15,167.83,164.54,168.67,-2.34,39.92
02/02/22,168.62,1766398,0.79,168.81,166.68,169.09,168.77,172.72,0.79,43.28
02/01/22,167.31,2252989,1.15,166.33,164.03,167.53,167.39,171.37,1.15,42.16
01/31/22,165.40,1854289,2.99,160.57,160.51,165.44,165.41,169.42,2.99,40.54
01/28/22,160.60,2657398,2.61,156.01,153.96,160.60,160.55,164.50,2.61,36.46
01/27/22,156.51,3185227,-1.24,160.56,155.88,161.67,156.49,160.32,-1.24,32.99
01/26/22,158.48,4223925,0.11,161.56,156.48,163.63,158.46,162.33,0.11,34.66
01/25/22,158.31,3220135,-1.57,157.57,155.84,160.54,158.07,162.16,-1.57,34.52
01/24/22,160.84,4551260,0.53,156.01,151.36,161.05,160.83,164.75,0.53,36.67
01/21/22,159.99,3182235,-2.41,162.74,159.81,164.33,159.98,163.88,-2.41,35.94
01/20/22,163.94,2585461,-1.10,166.63,163.74,169.32,163.98,167.93,-1.10,39.30
01/19/22,165.77,1557284,-1.14,169.08,165.68,169.94,165.79,169.80,-1.14,40.85
01/18/22,167.68,1882245,-2.60,169.39,167.27,170.23,167.67,171.76,-2.60,42.48
01/14/22,172.15,2067881,-0.39,170.92,169.97,172.99,172.24,176.34,-0.39,46.28
01/13/22,172.83,1304571,-2.79,178.19,172.45,178.33,172.74,177.03,-2.79,46.85
01/12/22,177.79,769731,0.41,177.90,176.66,179.11,177.73,182.11,0.41,51.07
01/11/22,177.07,1198083,1.13,174.74,173.45,177.15,177.09,181.37,1.13,50.46
01/10/22,175.10,1578992,0.35,172.75,169.98,175.25,175.14,179.36,0.35,48.78
01/07/22,174.49,799689,-0.92,176.30,173.70,177.15,174.54,178.73,-0.92,48.26
01/06/22,176.11,1592576,0.35,175.39,173.44,177.17,176.18,180.39,0.35,49.64
01/05/22,175.49,1703985,-3.35,181.17,175.38,181.17,175.37,179.76,-3.35,49.11
01/04/22,181.58,1200938,-0.35,182.86,180.03,183.17,181.63,185.99,-0.35,54.29
01/03/22,182.21,1385323,0.21,183.16,180.92,183.45,182.31,186.64,0.21,54.82
12/31/21,181.82,485885,-0.30,182.04,181.80,182.77,181.88,186.24,-0.30,54.49
12/30/21,182.36,520757,-0.42,182.75,182.24,183.70,182.39,186.79,-0.42,54.95
12/29/21,183.12,573389,0.09,183.17,181.88,183.54,183.05,187.57,0.09,55.60
12/28/21,182.95,587469,-0.81,185.35,182.68,185.35,182.97,187.40,-0.81,55.45
12/27/21,184.45,558526,1.79,181.69,181.69,184.46,184.46,188.93,1.79,56.73
12/23/21,181.20,581464,0.86,180.02,180.02,181.81,181.17,185.61,0.86,53.97
12/22/21,179.65,839380,1.19,177.35,177.35,179.75,179.72,184.02,1.19,52.65
12/21/21,177.54,837821,2.29,175.57,173.60,177.61,177.55,181.86,2.29,50.86
12/20/21,173.56,1203658,-1.64,174.46,172.11,174.51,173.59,177.78,-1.64,47.47
12/17/21,176.46,1394530,-1.10,176.89,174.91,178.49,176.58,180.75,-1.10,49.94
12/16/21,178.42,2091525,-1.58,182.82,177.50,183.24,178.43,182.76,-1.58,51.60
12/15/21,181.29,1635476,2.20,177.51,176.31,181.37,181.22,185.70,2.20,54.04
12/14/21,177.39,1814994,-1.20,177.17,175.43,178.12,177.21,181.70,-1.20,50.73
12/13/21,179.54,1085259,-1.81,182.05,179.50,182.36,179.58,183.90,-1.57,52.55
12/10/21,182.85,1919659,1.06,182.38,180.96,183.03,182.80,186.83,1.06,54.98
12/09/21,180.93,1001222,-1.65,183.59,180.93,184.11,180.99,184.87,-1.65,53.36
12/08/21,183.96,993195,0.09,183.61,182.60,184.26,184.11,187.97,0.09,55.92
12/07/21,183.79,5275467,3.38,180.73,180.73,183.80,183.81,187.79,3.38,55.78
12/06/21,177.78,1849031,-0.28,178.23,175.09,178.55,177.84,181.65,-0.28,50.69
12/03/21,178.28,1938241,-2.17,183.41,176.43,183.84,178.31,182.16,-2.17,51.11
12/02/21,182.23,1653654,1.67,179.32,179.32,183.02,182.23,186.20,1.67,54.46
12/01/21,179.23,1049521,-2.14,185.96,179.20,185.96,179.33,183.13,-2.14,51.92
11/30/21,183.15,1514671,-2.52,186.37,182.74,187.26,183.25,187.14,-2.52,55.24
11/29/21,187.89,1133344,1.53,187.66,185.69,188.48,187.91,191.98,1.53,59.26
11/26/21,185.05,739210,-1.98,184.73,184.14,186.05,184.79,189.08,-1.98,56.85
11/24/21,188.79,704737,0.46,187.11,186.20,189.05,188.69,192.90,0.46,60.02
11/23/21,187.93,738732,0.02,188.12,186.08,189.19,188.00,192.02,0.02,59.29
11/22/21,187.89,1332521,0.26,188.99,187.03,190.29,187.84,191.98,0.26,59.26
11/19/21,187.41,593085,-0.66,187.92,186.88,188.55,187.48,191.49,-0.66,58.85
11/18/21,188.65,632274,-0.03,189.41,187.09,189.41,188.59,192.76,-0.03,59.90
11/17/21,188.70,4786809,-0.76,189.94,188.17,189.97,188.68,192.81,-0.76,59.94
11/16/21,190.15,592767,0.52,189.18,188.68,190.61,190.10,194.29,0.52,61.17
11/15/21,189.17,594251,-0.31,190.14,188.53,190.14,189.14,193.29,-0.31,60.34
11/12/21,189.75,879876,0.44,189.45,188.54,189.85,189.81,193.88,0.44,60.83
11/11/21,188.91,630460,0.28,189.38,188.72,189.89,188.94,193.02,0.28,60.12
11/10/21,188.38,1239396,-1.05,189.24,186.80,190.60,188.44,192.48,-1.05,59.67
11/09/21,190.37,2870278,-1.52,192.93,189.07,193.08,190.30,194.52,-1.52,61.36
11/08/21,193.30,764718,0.27,193.02,192.64,194.25,193.38,197.51,0.27,63.84
11/05/21,192.77,689645,-0.13,193.60,191.70,194.19,192.73,196.97,-0.13,63.39
11/04/21,193.02,742090,-0.38,193.70,191.53,193.70,192.93,197.22,-0.38,63.60
11/03/21,193.75,683324,0.59,192.29,191.36,193.81,193.75,197.97,0.59,64.22
11/02/21,192.61,1902194,-0.02,191.75,191.45,192.75,192.52,196.80,-0.02,63.26
11/01/21,192.64,1123768,1.03,191.86,190.30,192.64,192.58,196.84,1.03,63.28
10/29/21,190.68,792615,0.18,189.75,189.56,190.94,190.63,194.83,0.18,61.62
10/28/21,190.34,528569,1.63,188.49,188.29,190.35,190.31,194.49,1.63,61.33
10/27/21,187.29,880419,-1.22,189.35,187.22,189.70,187.21,191.37,-1.22,58.75
10/26/21,189.61,1302154,-0.15,190.91,188.87,191.97,189.54,193.74,-0.15,60.71
10/25/21,189.90,634407,1.66,188.29,187.54,190.19,189.81,194.04,1.66,60.96
10/22/21,186.80,938713,-0.04,186.41,185.51,187.75,186.84,190.87,-0.04,58.33
10/21/21,186.88,543048,0.23,185.97,185.62,187.03,186.83,190.95,0.23,58.40
10/20/21,186.46,503271,0.12,186.00,185.63,186.86,186.45,190.52,0.12,58.04
10/19/21,186.23,1218568,0.49,186.12,185.33,186.56,186.17,190.29,0.49,57.85
10/18/21,185.33,551825,0.76,183.37,183.20,185.36,185.30,189.37,0.76,57.09
10/15/21,183.94,597437,1.14,183.34,182.90,184.40,183.96,187.95,1.14,55.91
10/14/21,181.87,700402,1.89,180.57,180.01,181.90,181.84,185.83,1.89,54.15
10/13/21,178.49,598263,0.43,178.35,176.71,178.77,178.40,182.38,0.43,51.29
10/12/21,177.72,623951,0.10,178.27,177.09,178.59,177.70,181.59,0.10,50.64
10/11/21,177.55,240446,-0.82,178.82,177.51,180.38,177.55,181.42,-0.82,50.49
10/08/21,179.01,312119,-0.17,179.69,178.63,180.15,178.96,182.91,-0.17,51.73
10/07/21,179.32,629888,1.15,178.98,178.98,180.70,179.39,183.23,1.15,51.99
10/06/21,177.28,1173119,-0.07,175.75,174.58,177.70,177.24,181.14,-0.07,50.26
10/05/21,177.41,698711,1.40,176.04,175.34,178.45,177.43,181.27,1.40,50.37
10/04/21,174.96,719852,-1.36,176.90,174.15,177.44,174.95,178.77,-1.36,48.30
10/01/21,177.38,1105328,1.01,175.92,174.19,178.30,177.41,181.24,1.01,50.35
09/30/21,175.60,1145026,-1.09,178.41,175.53,178.59,175.60,179.42,-1.09,48.84
09/29/21,177.53,806034,-0.75,179.54,177.34,179.71,177.55,181.40,-0.75,50.47
09/28/21,178.88,3834908,-2.45,182.01,178.48,182.42,178.76,182.78,-2.45,51.62
09/27/21,183.38,1195285,0.26,182.85,182.85,183.78,183.41,187.37,0.26,55.43
09/24/21,182.91,315110,0.02,181.32,181.32,183.18,182.87,186.89,0.20,55.03
09/23/21,182.88,649840,2.06,180.42,180.42,183.60,182.95,186.52,2.06,54.73
09/22/21,179.19,831517,1.69,177.61,177.61,180.22,179.26,182.76,1.69,51.60
09/21/21,176.22,3432893,0.01,177.54,175.58,177.92,176.32,179.73,0.01,49.09
09/20/21,176.21,653196,-2.66,176.90,173.77,177.21,176.27,179.72,-2.66,49.08
09/17/21,181.03,593573,-0.78,182.50,180.27,182.61,180.99,184.64,-0.78,53.16
09/16/21,182.45,571102,0.01,182.44,181.34,183.07,182.48,186.08,0.01,54.36
09/15/21,182.43,510422,1.34,180.26,179.90,182.53,182.33,186.06,1.34,54.35
09/14/21,180.02,1032720,-0.76,181.50,179.53,182.50,180.03,183.61,-0.76,52.31
09/13/21,181.40,471810,0.23,181.90,179.49,182.31,181.37,185.01,0.23,53.47
09/10/21,180.99,628284,-0.66,183.41,180.88,183.90,180.93,184.59,-0.66,53.13
09/09/21,182.20,563735,0.39,181.38,181.38,183.33,182.22,185.83,0.39,54.15
09/08/21,181.50,379276,-0.89,182.76,180.57,182.85,181.42,185.11,-0.89,53.56
09/07/21,183.13,310466,0.02,182.93,182.58,183.60,183.04,186.78,0.02,54.94
09/03/21,183.10,285072,0.13,182.32,182.19,183.21,183.05,186.75,0.13,54.91
09/02/21,182.87,478066,0.46,182.77,182.46,183.81,182.89,186.51,0.46,54.72
09/01/21,182.04,783764,-0.11,182.83,181.56,182.83,181.99,185.67,-0.11,54.02
08/31/21,182.24,556927,-0.31,182.99,181.89,183.22,182.29,185.87,-0.31,54.18
08/30/21,182.81,563398,-0.29,183.63,182.39,183.93,182.85,186.45,-0.29,54.67
08/27/21,183.35,534588,1.38,181.24,181.20,183.37,183.31,187.00,1.38,55.12
08/26/21,180.85,427393,-0.61,181.82,180.62,182.58,180.89,184.45,-0.61,53.01
08/25/21,181.96,350711,0.82,180.38,180.38,182.54,182.00,185.58,0.82,53.95
08/24/21,180.48,487042,0.79,179.75,179.72,180.62,180.44,184.07,0.79,52.70
08/23/21,179.07,501044,1.93,177.23,177.15,179.40,179.05,182.64,1.93,51.50
08/20/21,175.68,406996,0.73,174.76,174.61,175.81,175.74,179.18,0.73,48.63
08/19/21,174.41,928679,-0.98,174.51,173.45,175.77,174.41,177.88,-0.98,47.56
08/18/21,176.14,495135,-0.75,177.48,176.09,178.31,176.21,179.65,-0.75,49.02
08/17/21,177.47,931843,-1.23,178.35,175.63,178.59,177.46,181.00,-1.23,50.15
08/16/21,179.68,561470,-0.81,179.92,177.92,179.92,179.74,183.26,-0.81,52.02
08/13/21,181.14,417477,-0.48,182.90,180.81,182.90,181.16,184.75,-0.48,53.25
08/12/21,182.01,413923,0.17,181.59,180.81,182.14,182.07,185.64,0.17,53.99
08/11/21,181.71,688819,-0.07,182.17,180.32,182.31,181.66,185.33,-0.07,53.74
08/10/21,181.84,639485,0.33,181.91,181.32,182.79,181.86,185.46,0.33,53.85
08/09/21,181.24,608336,0.86,179.39,178.98,181.95,181.30,184.85,0.86,53.34
08/06/21,179.70,615510,0.55,179.03,179.00,180.08,179.66,183.28,0.55,52.04
08/05/21,178.72,678612,1.22,177.33,177.19,179.11,178.75,182.28,1.22,51.21
08/04/21,176.57,752090,-0.19,176.40,175.90,177.70,176.61,180.09,-0.19,49.39
08/03/21,176.91,1082301,1.16,175.84,173.68,176.99,176.98,180.43,1.16,49.68
08/02/21,174.89,936642,-0.08,175.86,174.78,177.53,174.93,178.37,-0.08,47.97
07/30/21,175.03,710095,-0.59,174.81,174.56,176.52,175.04,178.52,-0.59,48.08
07/29/21,176.07,609971,0.63,175.01,175.01,176.82,176.11,179.58,0.63,48.96
07/28/21,174.97,644659,0.69,174.26,173.74,175.71,175.02,178.45,0.69,48.03
07/27/21,173.77,754206,-1.01,174.59,171.88,174.59,173.80,177.23,-1.01,47.02
07/26/21,175.55,2147944,0.39,174.97,174.90,175.85,175.62,179.05,0.39,48.52
07/23/21,174.86,6137020,0.94,174.15,173.73,175.04,174.95,178.34,0.94,47.94
07/22/21,173.23,404648,-0.33,173.12,172.34,173.94,173.19,176.68,-0.33,46.56
07/21/21,173.81,942348,1.71,171.80,171.62,173.83,173.76,177.27,1.71,47.05
07/20/21,170.88,759104,2.31,167.46,167.20,171.45,170.84,174.28,2.31,44.57
07/19/21,167.02,2235512,-1.38,166.94,164.85,167.11,167.03,170.35,-1.38,41.31
07/16/21,169.35,303797,-1.12,172.59,169.02,172.59,169.32,172.72,-1.12,43.28
07/15/21,171.26,458333,-0.23,171.22,169.98,172.35,171.29,174.67,-0.23,44.90
07/14/21,171.66,477723,-0.73,173.93,171.13,174.25,171.67,175.08,-0.73,45.23
07/13/21,172.92,645013,-1.03,174.49,172.81,174.49,172.86,176.36,-1.03,46.30
07/12/21,174.72,1324909,1.08,172.27,172.22,174.89,174.74,178.20,1.08,47.82
07/09/21,172.85,555552,2.05,171.35,170.49,173.01,172.90,176.29,2.05,46.24
07/08/21,169.37,668186,-1.17,167.95,167.27,170.05,169.26,172.74,-1.17,43.30
07/07/21,171.38,705373,-0.40,172.04,170.06,172.69,171.39,174.79,-0.40,45.00
07/06/21,172.06,491343,-1.07,173.58,170.98,173.58,172.10,175.49,-1.07,45.57
07/02/21,173.92,377380,0.11,174.37,173.45,174.37,173.89,177.38,0.11,47.15
07/01/21,173.73,768784,0.17,173.52,172.95,174.04,173.69,177.19,0.17,46.98
06/30/21,173.43,427689,0.21,172.89,172.60,173.63,173.43,176.88,0.21,46.73
06/29/21,173.06,467246,0.13,173.50,172.70,173.87,173.01,176.51,0.13,46.42
06/28/21,172.84,404557,0.16,172.77,171.79,173.00,172.88,176.28,0.16,46.23
06/25/21,172.56,633460,0.22,172.97,172.47,173.11,172.63,176.00,0.22,45.99
06/24/21,172.18,612022,1.25,171.23,171.13,172.57,172.17,175.61,1.25,45.67
06/23/21,170.05,549293,0.75,168.94,168.94,170.54,170.03,173.44,0.75,43.87
06/22/21,168.79,492614,0.70,168.04,167.13,169.31,168.81,172.15,0.70,42.81
06/21/21,167.62,617042,1.62,165.21,165.21,167.86,167.70,170.96,1.62,41.82
06/18/21,164.95,572295,-1.38,165.99,164.60,166.00,164.92,168.24,-1.38,39.56
06/17/21,167.26,783381,-0.95,168.94,165.71,169.36,167.28,170.59,-0.95,41.51
06/16/21,168.87,546478,-0.25,169.31,167.39,169.55,168.91,172.23,-0.25,42.87
06/15/21,169.29,500723,-0.51,169.82,168.60,170.15,169.23,172.66,-0.51,43.23
06/14/21,170.15,553558,-0.40,171.15,169.39,171.15,170.16,173.54,-0.40,43.96
06/11/21,170.84,2182910,0.49,170.07,170.02,170.90,170.87,174.24,0.49,44.54
06/10/21,170.00,851186,-0.16,170.73,169.60,171.63,170.02,173.39,-0.09,43.83
06/09/21,170.28,478619,-0.82,171.49,170.19,171.73,170.22,173.54,-0.82,43.96
06/08/21,171.69,449158,-0.06,172.41,170.47,172.41,171.67,174.98,-0.06,45.15
06/07/21,171.79,478458,0.04,171.77,171.05,171.84,171.72,175.08,0.04,45.24
06/04/21,171.72,591887,0.99,170.62,170.62,171.80,171.68,175.01,0.99,45.18
06/03/21,170.03,873526,-0.65,169.63,169.03,171.16,169.99,173.29,-0.65,43.75
06/02/21,171.14,1121783,-0.27,171.99,170.55,171.99,171.09,174.42,-0.27,44.69
06/01/21,171.60,938366,0.71,172.08,171.00,172.27,171.56,174.89,0.71,45.08
05/28/21,170.39,901043,,171.06,169.76,171.06,170.32,173.65,,44.05
05/27/21,170.39,1639676,0.56,169.85,169.27,170.61,170.34,173.65,0.56,44.05
05/26/21,169.44,928805,0.74,168.95,168.16,169.70,169.45,172.69,0.74,43.25
05/25/21,168.19,1402162,0.17,168.80,167.80,169.11,168.21,171.41,0.17,42.19
05/24/21,167.90,737513,1.72,166.32,166.17,168.50,167.93,171.12,1.72,41.95
05/21/21,165.06,683057,-0.39,166.74,165.03,167.14,165.09,168.22,-0.39,39.55
05/20/21,165.71,831752,2.23,162.51,162.51,166.12,165.75,168.89,2.23,40.10
05/19/21,162.10,1242805,0.02,158.70,158.68,162.16,162.11,165.21,0.02,37.04
05/18/21,162.06,1164412,-0.50,163.37,162.06,164.33,162.11,165.17,-0.50,37.01
05/17/21,162.87,1528484,-0.64,162.87,161.04,163.54,162.80,165.99,-0.64,37.69
05/14/21,163.92,1179808,2.35,162.50,161.46,164.28,163.89,167.06,2.35,38.58
05/13/21,160.16,2006212,0.29,161.29,158.61,162.34,160.16,163.23,0.29,35.40
05/12/21,159.69,1847675,-3.08,162.06,159.33,163.42,159.69,162.75,-3.08,35.01
05/11/21,164.77,1986261,0.21,160.48,160.36,165.19,164.80,167.93,0.21,39.30
05/10/21,164.43,1380411,-2.54,168.11,164.42,168.11,164.44,167.58,-2.54,39.01
05/07/21,168.72,1702143,1.01,168.61,168.25,170.28,168.86,171.95,1.01,42.64
05/06/21,167.04,1363445,0.16,166.62,164.59,167.04,166.97,170.24,0.16,41.22
05/05/21,166.78,1210802,-0.54,168.92,166.32,169.64,166.84,169.98,-0.54,41.00
05/04/21,167.69,1212771,-1.95,169.42,165.16,169.42,167.55,170.90,-1.95,41.77
05/03/21,171.03,839923,-0.69,173.04,170.82,173.23,170.99,174.31,-0.69,44.59
04/30/21,172.21,648389,-0.79,171.98,171.97,173.79,172.23,175.51,-0.79,45.59
04/29/21,173.59,801135,-0.44,175.93,171.90,175.93,173.55,176.92,-0.44,46.76
04/28/21,174.35,810880,-0.39,174.93,173.91,175.44,174.36,177.69,-0.39,47.40
04/27/21,175.03,774119,-0.33,176.01,174.74,176.33,175.07,178.38,-0.33,47.97
04/26/21,175.61,582321,0.95,174.15,173.73,175.76,175.70,178.97,0.95,48.47
04/23/21,173.95,1104388,1.60,171.79,171.79,174.55,174.09,177.28,1.60,47.06
04/22/21,171.21,1429016,-0.67,172.80,170.43,173.94,171.26,174.49,-0.67,44.75
04/21/21,172.37,661106,0.85,169.83,169.67,172.51,172.54,175.67,0.85,45.73
04/20/21,170.92,675912,-0.94,172.63,169.88,173.34,171.05,174.20,-0.94,44.50
04/19/21,172.54,903481,-1.39,173.99,171.53,174.39,172.57,175.85,-1.39,45.87
04/16/21,174.97,922677,-0.30,175.35,173.87,175.55,175.01,178.32,-0.30,47.92
04/15/21,175.50,965391,2.08,174.03,173.76,175.55,175.43,178.86,2.08,48.37
04/14/21,171.93,916809,-1.48,175.00,171.66,175.23,171.91,175.22,-1.48,45.35
04/13/21,174.52,759400,1.96,171.91,171.91,174.76,174.49,177.86,1.96,47.54
04/12/21,171.16,538365,0.46,170.03,169.04,171.34,171.11,174.44,0.46,44.70
04/09/21,170.37,627747,0.65,168.25,168.10,170.41,170.39,173.63,0.65,44.04
04/08/21,169.27,940078,1.57,167.93,167.93,169.29,169.18,172.51,1.57,43.11
04/07/21,166.65,771175,-0.05,166.31,165.83,167.39,166.60,169.84,-0.05,40.89
04/06/21,166.74,834142,0.61,165.63,165.57,167.69,166.69,169.93,0.61,40.97
04/05/21,165.73,847572,1.42,165.09,164.56,166.16,165.83,168.91,1.42,40.11
04/01/21,163.41,1431322,1.59,162.84,162.84,164.16,163.45,166.54,1.59,38.15
03/31/21,160.86,825231,2.09,158.73,158.64,161.85,160.81,163.94,2.09,36.00
03/30/21,157.57,796418,0.13,156.15,155.44,157.79,157.39,160.59,0.13,33.21
03/29/21,157.36,1229114,-0.66,157.50,155.96,158.36,157.25,160.38,-0.66,33.04
03/26/21,158.41,848770,1.78,156.22,154.95,158.46,158.34,161.45,1.78,33.92
03/25/21,155.64,1232346,-0.25,154.28,153.00,156.24,155.73,158.62,-0.19,31.58
03/24/21,156.03,1756886,-2.48,160.43,156.03,160.44,156.08,158.93,-2.48,31.83
03/23/21,159.99,3722571,-0.52,160.88,159.50,162.02,159.89,162.96,-0.52,35.18
03/22/21,160.83,837971,1.41,159.76,159.55,162.10,160.90,163.81,1.41,35.89
03/19/21,158.59,1325158,0.94,157.38,156.10,159.04,158.57,161.53,0.94,34.00
03/18/21,157.12,1138068,-3.37,160.69,156.97,160.69,157.13,160.04,-3.37,32.75
03/17/21,162.60,823108,0.30,160.25,159.06,163.67,162.62,165.62,0.30,37.39
03/16/21,162.12,855978,-0.40,164.00,161.05,164.61,162.08,165.13,-0.40,36.98
03/15/21,162.77,872516,1.12,161.10,160.37,162.85,162.86,165.79,1.12,37.53
03/12/21,160.96,1453802,-0.91,159.83,158.45,161.06,160.98,163.95,-0.90,36.00
03/11/21,162.43,1544366,3.35,160.30,159.94,163.04,162.50,165.44,3.35,37.24
03/10/21,157.17,2115313,-0.21,160.27,156.95,160.91,157.21,160.09,-0.21,32.80
03/09/21,157.50,2181075,5.00,154.61,154.46,158.41,157.55,160.42,5.00,33.08
03/08/21,150.00,2952001,-3.40,155.22,149.96,156.41,150.01,152.78,-3.40,26.73
03/05/21,155.27,3726549,0.91,155.54,147.68,155.54,155.26,158.15,0.91,31.19
03/04/21,153.87,3596425,-2.76,158.24,151.43,159.10,153.93,156.73,-2.76,30.01
03/03/21,158.23,2812724,-4.02,164.44,158.23,164.71,158.36,161.17,-4.02,33.69
03/02/21,164.86,1169677,-1.81,168.60,164.80,168.72,164.89,167.92,-1.81,39.29
03/01/21,167.90,1506747,3.07,165.57,164.68,168.08,168.02,171.02,3.07,41.86
02/26/21,162.90,2657840,0.80,163.01,160.47,164.82,162.93,165.92,0.80,37.64
02/25/21,161.60,2155839,-3.85,166.82,160.67,168.17,161.66,164.60,-3.85,36.54
02/24/21,168.07,1673683,0.69,166.03,164.10,168.16,168.10,171.19,0.69,42.01
02/23/21,166.92,4211008,-0.87,164.26,159.66,167.74,166.98,170.02,-0.87,41.04
02/22/21,168.38,821575,-3.57,172.41,168.22,172.47,168.33,171.50,-3.57,42.27
02/19/21,174.61,629823,-0.13,176.08,174.34,176.45,174.64,177.85,-0.13,47.53
02/18/21,174.83,578797,-0.70,173.99,172.68,175.41,174.87,178.07,-0.70,47.72
02/17/21,176.07,712802,-0.85,175.89,173.55,176.40,176.07,179.34,-0.85,48.77
02/16/21,177.58,1805406,-0.26,178.70,176.60,179.38,177.54,180.88,-0.26,50.04
02/12/21,178.04,525166,0.74,176.48,175.70,178.13,178.06,181.34,0.74,50.43
02/11/21,176.73,768816,0.93,176.36,175.27,177.21,176.65,180.01,0.93,49.32
02/10/21,175.10,825669,-0.34,176.75,173.43,176.83,175.18,178.35,-0.34,47.95
02/09/21,175.70,1216691,-0.06,175.21,175.17,176.05,175.60,178.96,-0.06,48.45
02/08/21,175.80,2841331,0.97,175.34,174.78,176.20,175.76,179.06,0.97,48.54
02/05/21,174.11,709355,0.79,173.30,172.70,174.23,174.06,177.34,0.79,47.11
02/04/21,172.74,613640,1.12,171.53,170.99,172.74,172.66,175.95,1.12,45.95
02/03/21,170.82,1052826,-0.29,172.85,170.51,172.85,170.79,173.99,-0.29,44.33
02/02/21,171.32,2604940,2.04,169.88,169.80,171.83,171.39,174.50,2.04,44.75
02/01/21,167.90,1120802,2.47,165.70,164.22,168.23,167.89,171.02,2.47,41.86
01/29/21,163.86,1054747,-1.45,165.56,162.21,166.38,163.90,166.90,-1.45,38.45
01/28/21,166.27,897060,1.66,163.63,163.63,168.30,166.36,169.36,1.66,40.49
01/27/21,163.56,1144223,-3.40,167.42,162.58,167.45,163.51,166.60,-3.40,38.20
01/26/21,169.32,1318386,-1.08,171.65,169.05,171.65,169.20,172.46,-1.08,43.06
01/25/21,171.16,732558,0.31,171.99,167.55,173.01,171.06,174.34,0.31,44.62
01/22/21,170.63,661278,0.04,169.69,169.69,170.94,170.60,173.80,0.04,44.17
01/21/21,170.57,1078077,0.41,170.40,169.60,170.86,170.43,173.74,0.41,44.12
01/20/21,169.88,1469875,2.02,168.35,168.12,170.21,169.84,173.03,2.02,43.54
01/19/21,166.52,1266476,1.14,166.05,165.12,166.61,166.47,169.61,1.14,40.70
01/15/21,164.65,2269343,-1.10,166.75,164.21,167.12,164.57,167.71,-1.10,39.12
01/14/21,166.48,8034584,-0.59,168.05,166.20,168.53,166.32,169.57,-0.59,40.66
01/13/21,167.46,787588,0.35,166.60,166.04,168.11,167.40,170.57,0.35,41.49
01/12/21,166.88,700650,0.59,166.18,165.20,167.12,166.83,169.98,0.59,41.00
01/11/21,165.90,982658,-1.23,166.59,165.20,167.63,166.00,168.98,-1.23,40.17
01/08/21,167.96,1287027,1.65,166.98,165.59,168.07,168.01,171.08,1.65,41.91
01/07/21,165.23,788852,3.09,161.92,161.92,165.60,165.34,168.30,3.09,39.61
01/06/21,160.27,1130405,-0.77,159.59,159.02,162.50,160.31,163.24,-0.77,35.42
01/05/21,161.52,811809,0.91,159.33,159.33,161.66,161.58,164.52,0.91,36.47
01/04/21,160.07,1049079,-0.76,161.96,157.74,162.50,159.93,163.04,-0.76,35.25
12/31/20,161.29,568795,0.10,160.87,160.30,161.32,161.22,164.28,0.10,36.28
12/30/20,161.13,375333,0.37,161.29,160.36,161.38,161.00,164.12,0.37,36.14
12/29/20,160.54,628962,-0.29,161.70,159.62,161.94,160.42,163.52,-0.29,35.64
12/28/20,161.01,504615,-0.45,163.32,160.25,163.36,160.95,164.00,-0.45,36.04
12/24/20,161.74,299243,0.29,161.71,161.29,162.43,161.65,164.74,0.29,36.66
12/23/20,161.28,606893,-0.96,162.89,161.11,163.00,161.26,164.27,-0.96,36.27
12/22/20,162.85,547325,0.64,162.77,160.83,162.85,162.81,165.87,0.64,37.60
12/21/20,161.81,607064,-0.06,160.26,159.33,162.17,161.73,164.81,-0.06,36.72
12/18/20,161.91,1692040,0.21,162.49,160.13,162.49,162.22,164.91,0.21,36.80
12/17/20,161.57,847007,1.34,160.64,160.29,161.62,161.55,164.57,1.34,36.51
12/16/20,159.43,641685,0.46,158.99,157.84,159.69,159.39,162.39,0.46,34.71
12/15/20,158.70,612497,0.95,158.67,157.37,158.82,158.65,161.65,0.95,34.09
12/14/20,157.21,875915,0.43,157.07,156.99,158.28,157.23,160.13,0.63,32.83
12/11/20,156.53,762654,-0.13,155.75,154.55,156.64,156.50,159.12,-0.13,32.00
12/10/20,156.73,720891,1.04,154.15,153.39,157.02,156.71,159.32,1.04,32.16
12/09/20,155.11,1213700,-2.45,159.08,154.35,159.13,155.11,157.68,-2.45,30.80
12/08/20,159.00,1399828,0.45,157.67,157.32,159.34,159.05,161.63,0.45,34.08
12/07/20,158.29,867980,0.90,157.00,157.00,158.37,158.25,160.91,0.90,33.48
12/04/20,156.88,765410,0.52,156.67,156.02,156.96,156.91,159.48,0.52,32.29
12/03/20,156.07,690848,0.31,156.00,155.79,157.17,156.08,158.65,0.31,31.61
12/02/20,155.58,707949,-0.49,154.88,153.41,155.69,155.48,158.16,-0.49,31.20
12/01/20,156.34,861966,0.06,157.89,155.35,157.89,156.29,158.93,0.06,31.84
11/30/20,156.24,1230549,0.48,156.12,153.27,156.54,156.13,158.83,0.48,31.75
11/27/20,155.50,416712,1.14,154.42,154.42,155.80,155.37,158.07,1.14,31.13
11/25/20,153.74,605031,1.10,152.19,152.19,153.93,153.68,156.29,1.10,29.64
11/24/20,152.06,1008762,0.50,152.39,150.73,152.46,152.11,154.58,0.50,28.23
11/23/20,151.31,1164978,0.06,152.00,150.58,152.55,151.26,153.82,0.06,27.59
11/20/20,151.22,730965,-0.48,152.01,151.15,152.43,151.20,153.72,-0.48,27.52
11/19/20,151.95,1020722,0.81,150.99,150.33,152.26,151.91,154.47,0.81,28.13
11/18/20,150.73,586435,-0.48,151.95,150.70,152.40,150.83,153.23,-0.48,27.11
11/17/20,151.45,3719067,0.03,152.00,151.24,152.18,151.47,153.96,0.03,27.71
11/16/20,151.40,636470,0.16,151.96,150.49,151.96,151.27,153.91,0.16,27.67
11/13/20,151.16,420049,0.47,151.21,149.88,151.37,151.09,153.66,0.47,27.47
11/12/20,150.46,2177214,-0.27,150.62,149.77,151.86,150.38,152.95,-0.27,26.88
11/11/20,150.87,1101584,2.04,149.46,148.09,151.00,150.79,153.37,2.04,27.22
11/10/20,147.86,1345691,-1.24,148.89,145.99,149.51,147.79,150.31,-1.24,24.69
11/09/20,149.72,1573864,-2.90,158.39,149.72,158.39,149.84,152.20,-2.90,26.25
11/06/20,154.19,778413,-0.02,154.00,152.41,154.77,154.36,156.74,-0.02,30.02
11/05/20,154.22,1576328,1.84,155.08,153.18,155.08,154.18,156.77,1.84,30.05
11/04/20,151.43,1373014,4.49,149.53,148.97,152.78,151.49,153.94,4.49,27.70
11/03/20,144.92,1021907,1.81,143.98,143.25,145.99,145.08,147.32,1.81,22.21
11/02/20,142.35,1257167,0.79,142.29,140.65,143.72,142.33,144.71,0.79,20.04
10/30/20,141.23,875580,-1.77,143.17,139.87,143.69,141.22,143.57,-1.77,19.09
10/29/20,143.78,768573,0.54,143.15,142.66,145.29,143.94,146.16,0.54,21.24
10/28/20,143.01,1213625,-3.35,145.25,142.78,145.91,142.88,145.38,-3.35,20.60
10/27/20,147.97,861154,0.16,147.74,147.25,148.45,148.03,150.42,0.16,24.78
10/26/20,147.74,766813,-1.12,148.22,145.88,149.59,147.63,150.19,-1.12,24.58
10/23/20,149.41,442193,0.26,149.30,148.09,149.41,149.36,151.88,0.26,25.99
10/22/20,149.02,487766,-0.09,149.68,147.74,149.87,149.04,151.49,-0.09,25.66
10/21/20,149.16,586303,-0.55,149.69,149.09,150.98,149.11,151.63,-0.55,25.78
10/20/20,149.98,684109,-0.20,150.83,149.63,151.57,150.07,152.46,-0.20,26.47
10/19/20,150.28,876042,-1.48,153.28,149.74,153.90,150.15,152.77,-1.48,26.73
10/16/20,152.54,462983,-0.22,154.04,152.54,154.76,152.71,155.07,-0.22,28.63
10/15/20,152.87,504987,-0.66,151.50,151.31,153.17,152.90,155.40,-0.66,28.91
10/14/20,153.88,563628,-0.66,155.09,153.10,155.49,153.83,156.43,-0.66,29.76
10/13/20,154.90,454920,0.16,155.28,154.20,155.64,154.85,157.46,0.16,30.62
10/12/20,154.66,455049,1.83,153.44,153.19,155.75,154.60,157.22,1.83,30.42
10/09/20,151.88,585812,1.24,150.69,150.61,151.88,151.85,154.39,1.24,28.08
10/08/20,150.02,610856,0.39,150.79,149.69,150.79,149.97,152.50,0.39,26.51
10/07/20,149.43,523037,1.83,148.12,148.12,149.89,149.59,151.90,1.83,26.01
10/06/20,146.75,714493,-1.55,149.26,146.26,149.45,146.73,149.18,-1.55,23.75
10/05/20,149.06,572056,2.24,146.93,146.93,149.06,149.03,151.53,2.24,25.70
10/02/20,145.80,970689,-2.31,146.03,145.50,148.38,145.78,148.21,-2.31,22.95
10/01/20,149.25,1549101,1.26,149.04,148.13,149.42,149.18,151.72,1.26,25.86
09/30/20,147.40,952562,0.99,146.33,145.95,148.63,147.40,149.84,0.99,24.30
09/29/20,145.95,581059,-0.06,145.94,145.49,146.63,145.93,148.37,-0.06,23.07
09/28/20,146.04,743837,1.42,146.43,144.79,146.43,145.93,148.46,1.42,23.15
09/25/20,144.00,771916,2.39,140.85,140.56,144.23,143.96,146.38,2.39,21.43
09/24/20,140.64,944103,0.16,139.25,138.74,142.07,140.60,142.97,0.16,18.60
09/23/20,140.42,657170,-2.93,144.08,140.07,144.21,140.31,142.74,-2.77,18.41
09/22/20,144.66,4077016,0.79,143.72,142.00,144.88,144.61,146.80,0.79,21.78
09/21/20,143.53,1411934,0.36,140.78,139.47,143.53,143.37,145.66,0.36,20.83
09/18/20,143.02,808603,-0.40,144.78,140.92,144.78,143.01,145.14,-0.40,20.40
09/17/20,143.59,731557,-1.05,142.55,141.80,144.28,143.47,145.72,-1.05,20.88
09/16/20,145.12,745681,-1.27,147.36,145.08,147.54,145.11,147.27,-1.27,22.17
09/15/20,146.98,561257,1.60,146.65,146.09,147.42,146.97,149.16,1.60,23.73
09/14/20,144.67,677421,2.22,143.34,143.07,145.32,144.73,146.81,2.22,21.79
09/11/20,141.53,616821,-0.35,143.25,139.89,143.54,141.50,143.63,-0.35,19.14
09/10/20,142.02,614107,-1.78,146.00,141.34,146.59,141.99,144.13,-1.78,19.56
09/09/20,144.60,1681853,3.09,143.30,142.38,145.44,144.59,146.74,3.09,21.73
09/08/20,140.26,1225319,-4.23,141.71,140.24,143.83,140.31,142.34,-4.23,18.07
09/04/20,146.45,1701607,-1.39,148.63,141.16,149.48,146.54,148.62,-1.39,23.29
09/03/20,148.52,951989,-5.03,154.13,147.27,154.29,148.57,150.72,-5.03,25.03
09/02/20,156.38,1029537,0.72,156.08,153.42,156.75,156.52,158.70,0.72,31.65
09/01/20,155.26,1237178,1.16,154.62,153.97,155.31,155.14,157.56,1.16,30.70
08/31/20,153.48,581348,1.41,151.50,151.42,154.17,153.62,155.76,1.41,29.20
08/28/20,151.34,568935,0.42,151.66,150.60,151.75,151.30,153.58,0.42,27.40
08/27/20,150.70,745178,-0.11,151.15,149.50,151.88,150.64,152.93,-0.11,26.86
08/26/20,150.87,634037,1.82,148.76,148.50,151.02,150.95,153.11,1.82,27.01
08/25/20,148.18,523703,0.66,147.21,146.65,148.27,148.23,150.38,0.66,24.74
08/24/20,147.21,901961,-0.33,149.18,146.25,149.24,147.22,149.39,-0.33,23.93
08/21/20,147.69,635720,0.50,147.20,146.89,147.95,147.64,149.88,0.50,24.33
08/20/20,146.95,353417,1.17,144.83,144.55,147.21,146.89,149.13,1.17,23.71
08/19/20,145.25,457385,-0.50,146.22,145.00,146.45,145.16,147.40,-0.50,22.28
08/18/20,145.98,916271,0.65,146.00,144.73,146.29,146.03,148.14,0.65,22.89
08/17/20,145.04,450213,1.82,143.09,143.09,145.13,144.97,147.19,1.82,22.10
08/14/20,142.45,396617,-0.08,142.94,141.98,143.17,142.51,144.56,-0.08,19.92
08/13/20,142.56,558654,0.52,142.26,142.19,143.49,142.61,144.67,0.52,20.01
08/12/20,141.82,782879,2.71,139.49,139.35,142.37,141.91,143.92,2.71,19.39
08/11/20,138.08,1772561,-2.02,140.83,137.82,140.83,138.11,140.13,-2.02,16.24
08/10/20,140.92,1616891,-0.79,142.50,139.49,142.56,140.87,143.01,-0.79,18.63
08/07/20,142.04,672801,-0.83,142.91,140.70,143.37,141.99,144.15,-0.83,19.57
08/06/20,143.23,392222,0.35,142.79,141.85,143.33,143.26,145.35,0.35,20.58
08/05/20,142.73,589368,0.15,143.03,142.23,143.03,142.68,144.85,0.15,20.15
08/04/20,142.52,714237,0.41,141.89,141.20,142.52,142.46,144.63,0.41,19.98
08/03/20,141.94,643573,1.25,141.23,141.14,142.23,141.92,144.04,1.25,19.49
07/31/20,140.19,510964,0.47,140.93,137.97,140.93,140.10,142.27,0.47,18.02
07/30/20,139.53,634954,,137.98,137.43,139.75,139.44,141.60,,17.46
07/29/20,139.53,583593,1.17,138.82,138.69,140.06,139.48,141.60,1.17,17.46
07/28/20,137.92,437450,-0.93,138.88,137.76,139.46,137.85,139.96,-0.93,16.11
07/27/20,139.21,442237,1.59,137.69,137.35,139.31,139.16,141.27,1.59,17.19
07/24/20,137.03,669584,-1.13,136.43,135.25,137.64,136.97,139.06,-1.13,15.36
07/23/20,138.59,516069,-2.00,141.70,137.91,142.14,138.53,140.64,-2.00,16.67
07/22/20,141.42,394989,0.46,141.04,140.26,141.75,141.42,143.52,0.46,19.05
07/21/20,140.77,552387,-1.02,143.20,140.33,143.20,140.71,142.86,-1.02,18.50
07/20/20,142.22,518538,2.39,138.97,138.92,142.50,142.20,144.33,2.39,19.72
07/17/20,138.90,566979,0.59,138.50,137.64,139.24,138.84,140.96,0.59,16.93
07/16/20,138.08,674164,-0.49,137.60,136.48,138.46,138.10,140.13,-0.49,16.24
07/15/20,138.76,585405,0.21,139.64,137.22,139.64,138.81,140.82,0.21,16.81
07/14/20,138.47,954096,1.35,136.39,134.20,138.64,138.52,140.52,1.35,16.57
07/13/20,136.62,999863,-2.06,140.82,136.26,142.55,136.59,138.65,-2.06,15.01
07/10/20,139.50,561814,0.63,138.84,137.23,139.56,139.46,141.57,0.63,17.44
07/09/20,138.63,487666,0.68,138.49,136.33,139.05,138.58,140.69,0.68,16.70
07/08/20,137.70,954597,1.15,137.12,136.27,137.77,137.73,139.74,1.15,15.92
07/07/20,136.13,740312,-0.34,136.56,136.03,138.13,136.16,138.15,-0.34,14.60
07/06/20,136.60,582039,2.09,135.51,135.38,137.22,136.64,138.63,2.09,14.99
07/02/20,133.80,645824,0.77,134.16,133.50,134.61,133.72,135.78,0.77,12.64
07/01/20,132.78,674302,1.36,131.22,130.76,133.21,132.75,134.75,1.36,11.78
06/30/20,131.00,602625,2.07,128.37,128.37,131.51,131.15,132.94,2.07,10.28
06/29/20,128.34,499206,0.70,128.20,126.21,128.34,128.35,130.24,0.70,8.04
06/26/20,127.45,820019,-1.96,129.81,127.34,130.00,127.47,129.34,-1.96,7.29
06/25/20,130.00,609250,1.20,128.33,127.28,130.11,130.05,131.93,1.20,9.44
06/24/20,128.46,734478,-1.91,130.62,127.62,131.37,128.46,130.36,-1.91,8.14
06/23/20,130.96,434120,0.17,131.70,130.74,132.19,131.01,132.90,0.17,10.25
06/22/20,130.74,538804,0.88,129.52,129.16,130.75,130.70,132.68,0.88,10.06
06/19/20,129.60,1173624,0.73,130.13,128.20,130.15,129.52,131.52,0.73,9.10
06/18/20,128.66,526094,0.02,128.34,127.88,128.91,128.71,130.57,0.02,8.31
06/17/20,128.64,815235,0.29,129.07,128.27,129.50,128.60,130.55,0.29,8.29
06/16/20,128.27,862462,1.84,128.74,126.10,128.74,128.12,130.17,1.84,7.98
06/15/20,125.95,757463,1.22,122.46,122.18,126.09,125.85,127.82,1.50,6.03
06/12/20,124.43,796741,0.40,126.84,122.45,126.96,124.57,125.93,0.40,4.46
06/11/20,123.93,949311,-4.65,127.79,123.75,128.67,123.89,125.42,-4.65,4.04
06/10/20,129.97,1380518,1.48,129.32,129.02,130.72,130.01,131.54,1.48,9.11
06/09/20,128.08,1095397,0.38,127.30,127.27,128.77,128.07,129.62,0.38,7.53
06/08/20,127.59,1682657,0.80,126.43,125.65,127.59,127.55,129.13,0.80,7.11
06/05/20,126.58,622378,1.15,125.87,124.37,127.02,126.68,128.10,1.15,6.27
06/04/20,125.14,682507,-1.13,126.23,124.23,126.93,125.10,126.65,-1.13,5.06
06/03/20,126.57,713590,-0.13,127.40,126.02,127.40,126.55,128.09,-0.13,6.26
06/02/20,126.73,850290,0.10,126.92,125.07,126.92,126.77,128.26,0.10,6.39
06/01/20,126.60,643576,0.54,126.16,125.52,126.82,126.58,128.12,0.54,6.28
05/29/20,125.92,738776,1.56,124.25,123.64,126.20,126.03,127.44,1.56,5.71
05/28/20,123.98,1060486,0.24,123.90,123.73,125.74,124.03,125.47,0.24,4.08
05/27/20,123.68,3086287,0.72,122.67,119.87,123.69,123.66,125.17,0.72,3.83
05/26/20,122.79,1382073,-0.75,125.90,122.66,125.90,122.81,124.27,-0.75,3.08
05/22/20,123.72,943624,0.47,123.43,122.54,123.75,123.70,125.21,0.47,3.87
05/21/20,123.14,829972,-0.93,124.38,122.66,124.38,123.06,124.62,-0.93,3.38
05/20/20,124.29,668738,0.98,124.63,123.79,124.83,124.31,125.79,0.98,4.34
05/19/20,123.08,989141,-0.46,123.50,123.08,124.59,123.07,124.56,-0.46,3.33
05/18/20,123.65,866720,0.97,124.83,123.49,124.83,123.63,125.14,0.97,3.81
05/15/20,122.46,800606,1.20,119.83,119.83,122.46,122.36,123.93,1.20,2.81
05/14/20,121.01,928640,0.85,118.92,118.37,121.09,121.05,122.47,0.85,1.59
05/13/20,119.99,1368473,-0.97,121.04,118.64,122.46,119.93,121.44,-0.97,0.73
05/12/20,121.17,3344430,-1.76,123.86,121.17,124.20,121.15,122.63,-1.76,1.72
05/11/20,123.34,834940,1.39,121.18,120.99,123.94,123.40,124.83,1.39,3.55
05/08/20,121.65,984221,1.14,121.46,120.84,121.87,121.64,123.12,1.14,2.13
05/07/20,120.28,2927029,0.72,120.58,119.92,121.10,120.32,121.73,0.72,0.98
05/06/20,119.42,544088,-0.03,120.31,119.32,120.74,119.40,120.86,-0.03,0.26
05/05/20,119.45,749690,1.58,118.68,118.51,120.62,119.40,120.89,1.58,0.28
05/04/20,117.59,861213,1.34,115.51,115.51,117.64,117.56,119.01,1.34,-1.28
05/01/20,116.03,1656859,-2.45,116.69,115.41,117.40,115.95,117.43,-2.45,-2.59
04/30/20,118.94,958644,-0.94,119.63,118.51,120.19,118.95,120.37,-0.94,-0.15
04/29/20,120.07,1028847,2.43,119.47,118.64,120.79,120.14,121.52,2.43,0.80
04/28/20,117.22,1415184,-1.25,119.95,117.02,120.35,117.14,118.63,-1.25,-1.59
04/27/20,118.70,860756,1.27,118.66,118.21,119.14,118.81,120.13,1.27,-0.35
04/24/20,117.21,635219,1.45,115.40,114.96,117.29,117.16,118.62,1.45,-1.60
04/23/20,115.53,708463,-0.27,116.74,115.37,117.52,115.50,116.92,-0.27,-3.01
04/22/20,115.84,748299,2.67,115.21,114.51,116.48,115.93,117.24,2.67,-2.75
04/21/20,112.83,741094,-3.75,115.63,112.40,116.14,112.81,114.19,-3.75,-5.28
04/20/20,117.22,887585,-1.07,116.81,116.80,118.84,117.18,118.63,-1.07,-1.59
04/17/20,118.49,1063059,1.64,119.06,116.86,119.06,118.46,119.92,1.64,-0.53
04/16/20,116.58,722600,1.61,115.21,115.01,117.09,116.54,117.98,1.61,-2.13
04/15/20,114.73,1027840,-1.28,114.54,113.73,115.60,114.63,116.11,-1.28,-3.68
04/14/20,116.22,1074516,3.90,114.15,114.15,116.62,116.27,117.62,3.90,-2.43
04/13/20,111.86,1003655,0.41,110.85,109.76,112.09,111.89,113.21,0.41,-6.09
04/09/20,111.40,1222807,0.80,112.35,110.54,112.62,111.44,112.74,0.80,-6.48
04/08/20,110.52,1357917,2.83,108.92,107.57,111.00,110.60,111.85,2.83,-7.22
04/07/20,107.48,1228204,-0.76,111.92,107.37,111.95,107.52,108.77,-0.76,-9.77
04/06/20,108.31,1619871,7.15,105.44,104.51,108.90,108.50,109.61,7.15,-9.08
04/03/20,101.08,896000,-1.78,103.21,99.95,103.60,101.16,102.30,-1.78,-15.14
04/02/20,102.91,671768,1.60,100.26,100.13,103.17,102.97,104.15,1.60,-13.60
04/01/20,101.29,1007296,-4.87,102.42,100.29,103.96,101.22,102.51,-4.87,-14.96
03/31/20,106.48,1086124,-3.05,109.62,106.14,109.62,106.44,107.76,-3.05,-10.61
03/30/20,109.83,1118548,3.18,107.81,106.90,110.09,109.80,111.15,3.18,-7.80
03/27/20,106.44,1284448,-1.95,104.81,104.81,109.75,106.51,107.72,-1.95,-10.64
03/26/20,108.56,2227864,6.60,103.79,102.99,108.92,108.67,109.87,6.60,-8.86
03/25/20,101.84,1863476,1.86,100.18,98.44,105.56,101.91,103.07,2.31,-14.50
03/24/20,99.98,2313325,10.65,94.91,94.79,100.23,100.18,100.74,10.65,-16.43
03/23/20,90.36,2053855,-3.68,93.76,88.83,93.87,90.72,91.05,-3.68,-24.47
03/20/20,93.81,1170695,-5.89,100.98,93.81,100.98,94.48,94.53,-5.89,-21.59
03/19/20,99.68,2013345,-0.67,99.49,96.66,102.21,99.65,100.44,-0.67,-16.68
03/18/20,100.35,1758673,-5.38,99.67,95.96,102.93,100.41,101.12,-5.38,-16.12
03/17/20,106.06,2252893,6.97,102.07,99.15,107.14,106.11,106.87,6.97,-11.35
03/16/20,99.15,2008899,-12.37,109.92,97.18,109.92,99.27,99.91,-12.37,-17.12
03/13/20,113.14,2065854,8.01,109.11,104.46,113.49,113.42,114.00,8.01,-5.43
03/12/20,104.75,2102863,-8.96,106.71,103.00,112.09,104.69,105.55,-8.96,-12.44
03/11/20,115.06,2367392,-4.99,117.87,113.59,118.64,115.08,115.94,-4.99,-3.83
03/10/20,121.10,5786347,4.31,120.00,115.39,121.22,121.20,122.02,4.31,1.22
03/09/20,116.10,2251872,-6.82,116.15,115.50,120.16,116.37,116.99,-6.82,-2.96
03/06/20,124.60,1258852,-1.38,122.66,121.04,125.06,124.49,125.55,-1.38,4.15
03/05/20,126.34,1144756,-2.79,127.36,125.30,128.76,126.38,127.30,-2.79,5.60
03/04/20,129.96,1545287,4.58,126.74,125.92,130.16,130.13,130.95,4.58,8.63
03/03/20,124.27,1653764,-1.94,127.32,123.28,129.01,124.36,125.22,-1.94,3.87
03/02/20,126.73,2639832,4.82,121.00,121.00,126.73,126.77,127.70,4.82,5.93
02/28/20,120.90,2382340,-0.82,117.41,116.47,120.90,120.68,121.82,-0.82,1.06
02/27/20,121.90,2673951,-4.40,125.14,121.87,126.49,121.95,122.83,-4.40,1.89
02/26/20,127.50,2128813,-0.58,128.09,127.35,130.32,127.49,128.47,-0.58,6.57
02/25/20,128.25,1942486,-2.77,132.40,127.94,132.67,128.20,129.23,-2.77,7.20
02/24/20,131.91,1250557,-2.48,131.25,131.21,133.33,131.87,132.92,-2.48,10.26
02/21/20,135.27,1108396,-0.91,136.09,134.90,136.20,135.21,136.30,-0.91,13.07
02/20/20,136.51,1122015,-0.42,137.04,134.91,137.15,136.54,137.55,-0.42,14.10
02/19/20,137.08,3795645,0.23,137.06,137.04,137.69,137.08,138.13,0.23,14.58
02/18/20,136.76,826979,-0.08,136.60,136.36,136.86,136.74,137.80,-0.08,14.31
02/14/20,136.87,1798739,0.68,136.22,136.15,136.90,136.89,137.92,0.68,14.40
02/13/20,135.95,771125,0.69,134.66,134.66,136.34,135.92,136.99,0.69,13.64
02/12/20,135.02,1702483,0.26,135.19,134.28,135.19,135.02,136.05,0.26,12.86
02/11/20,134.67,724919,0.08,135.16,134.44,135.40,134.65,135.70,0.08,12.57
02/10/20,134.56,833429,1.02,133.14,133.05,134.56,134.52,135.59,1.02,12.47
02/07/20,133.20,669485,-0.38,133.50,133.07,133.76,133.21,134.22,-0.38,11.34
02/06/20,133.71,469009,0.50,133.40,133.06,133.84,133.65,134.73,0.50,11.76
02/05/20,133.05,1673368,-0.06,134.05,132.62,134.05,133.04,134.06,-0.06,11.21
02/04/20,133.13,1169503,1.24,132.71,132.39,133.51,133.07,134.15,1.24,11.28
02/03/20,131.50,805056,0.95,130.85,130.85,131.86,131.46,132.50,0.95,9.92
01/31/20,130.26,894277,-1.71,132.14,129.85,132.15,130.27,131.25,-1.71,8.88
01/30/20,132.53,858437,0.71,131.09,131.02,132.64,132.57,133.54,0.71,10.78
01/29/20,131.60,761469,-0.31,132.41,131.35,132.41,131.56,132.60,-0.31,10.00
01/28/20,132.01,917054,0.88,131.35,131.23,132.36,131.97,133.02,0.88,10.34
01/27/20,130.86,709565,-0.89,130.08,130.01,131.37,130.85,131.86,-0.89,9.38
01/24/20,132.03,673669,-0.44,132.89,131.55,133.08,132.04,133.04,-0.44,10.36
01/23/20,132.62,988344,0.19,132.32,131.93,132.69,132.65,133.63,0.19,10.85
01/22/20,132.37,785623,0.23,132.46,132.32,133.11,132.38,133.38,0.23,10.64
01/21/20,132.06,589456,0.52,131.17,131.00,132.21,132.03,133.07,0.52,10.38
01/17/20,131.38,641560,0.58,130.86,130.70,131.43,131.40,132.38,0.58,9.82
01/16/20,130.62,480857,0.79,130.05,129.90,130.65,130.64,131.62,0.79,9.18
01/15/20,129.59,648153,0.85,128.62,128.58,129.87,129.53,130.58,0.85,8.32
01/14/20,128.50,658038,-0.19,128.75,128.26,128.76,128.51,129.48,-0.19,7.41
01/13/20,128.75,483419,0.93,127.81,127.81,128.75,128.76,129.73,0.93,7.62
01/10/20,127.56,600497,,127.94,127.43,128.05,127.58,128.53,,6.62
01/09/20,127.56,1266174,0.87,127.17,127.16,127.75,127.60,128.53,0.87,6.62
01/08/20,126.46,737425,0.53,125.84,125.84,126.96,126.51,127.43,0.53,5.70
01/07/20,125.79,481395,-0.25,125.91,125.64,126.21,125.75,126.75,-0.25,5.14
01/06/20,126.10,637491,0.11,125.28,125.28,126.13,126.13,127.06,0.11,5.40
01/03/20,125.96,661673,-0.02,124.98,124.87,126.33,125.91,126.92,-0.02,5.29
01/02/20,125.98,777618,0.33,126.20,125.33,126.37,126.00,126.94,0.33,5.30
12/31/19,125.56,541246,0.22,125.01,124.91,125.69,125.66,126.52,0.22,4.95
12/30/19,125.29,258794,-0.49,125.81,124.92,125.91,125.30,126.25,-0.49,4.73
12/27/19,125.91,245283,0.15,125.90,125.55,126.00,125.92,126.87,0.15,5.24
12/26/19,125.72,245970,0.33,125.38,125.36,125.72,125.69,126.68,0.33,5.09
12/24/19,125.31,235076,0.16,125.20,124.91,125.38,125.31,126.27,0.16,4.74
12/23/19,125.11,635911,-0.39,125.87,125.07,126.00,125.12,126.07,-0.39,4.58
12/20/19,125.60,390621,0.73,125.02,125.02,125.76,125.62,126.56,0.73,4.98
12/19/19,124.69,415179,0.61,123.91,123.91,124.70,124.68,125.64,0.61,4.22
12/18/19,123.93,275396,-0.04,124.25,123.93,124.49,123.90,124.88,-0.04,3.59
12/17/19,123.98,698108,-0.19,124.43,123.98,124.60,124.08,124.93,-0.19,3.63
12/16/19,124.21,462037,0.13,124.16,123.88,124.38,124.24,125.16,0.54,3.82
12/13/19,124.05,762289,0.44,123.26,123.11,124.11,124.03,124.49,0.44,3.27
12/12/19,123.51,812182,0.09,123.47,123.02,124.15,123.51,123.95,0.09,2.82
12/11/19,123.40,307866,0.24,123.43,122.94,123.50,123.43,123.84,0.24,2.73
12/10/19,123.11,318028,-0.16,123.38,122.90,123.50,123.09,123.55,-0.16,2.49
12/09/19,123.31,343741,-0.32,123.71,123.27,123.81,123.31,123.75,-0.32,2.65
12/06/19,123.70,661967,0.24,124.05,123.61,124.21,123.70,124.14,0.24,2.98
12/05/19,123.40,466699,0.18,123.40,122.80,123.40,123.36,123.84,0.18,2.73
12/04/19,123.18,605459,0.46,122.91,122.76,123.41,123.18,123.62,0.46,2.55
12/03/19,122.61,930306,0.07,121.51,121.50,122.62,122.58,123.05,0.07,2.07
12/02/19,122.52,944487,-1.17,124.14,122.18,124.14,122.46,122.96,-1.17,2.00
11/29/19,123.97,203091,-0.37,124.32,123.89,124.53,123.96,124.41,-0.37,3.20
11/27/19,124.43,1116403,0.36,124.36,123.81,124.47,124.43,124.87,0.36,3.59
11/26/19,123.98,611632,0.78,123.18,123.09,124.06,123.97,124.42,0.78,3.21
11/25/19,123.02,385096,0.70,122.67,122.31,123.11,123.01,123.46,0.70,2.41
11/22/19,122.17,561534,0.08,122.36,121.70,122.36,122.19,122.60,0.08,1.70
11/21/19,122.07,603095,-0.65,122.78,121.91,122.78,122.06,122.50,-0.65,1.62
11/20/19,122.87,753266,-0.28,123.06,122.19,123.46,122.87,123.31,-0.28,2.29
11/19/19,123.22,625755,0.63,122.92,122.71,123.45,123.21,123.66,0.63,2.58
11/18/19,122.45,614287,0.19,122.21,121.99,122.62,122.43,122.89,0.19,1.94
11/15/19,122.22,577846,0.42,122.19,121.90,122.24,122.25,122.65,0.42,1.75
11/14/19,121.71,678807,-0.10,121.55,121.16,121.77,121.71,122.14,-0.10,1.32
11/13/19,121.83,547715,0.77,120.60,120.57,121.96,121.81,122.26,0.77,1.42
11/12/19,120.90,638941,0.32,120.77,120.58,121.33,120.91,121.33,0.32,0.65
11/11/19,120.52,476137,0.07,119.95,119.86,120.61,120.49,120.95,0.07,0.33
11/08/19,120.44,1004249,0.68,119.75,119.72,120.45,120.48,120.87,0.68,0.26
11/07/19,119.63,812066,0.12,120.03,119.47,120.24,119.67,120.06,0.12,-0.41
11/06/19,119.49,870558,0.36,119.12,118.95,119.50,119.47,119.92,0.36,-0.53
11/05/19,119.06,2576514,-0.60,119.71,118.66,119.84,119.04,119.48,-0.60,-0.88
11/04/19,119.78,815542,-0.58,121.09,119.63,121.31,119.76,120.21,-0.58,-0.29
11/01/19,120.48,804680,0.38,120.41,120.07,120.78,120.48,120.91,0.38,0.30
10/31/19,120.02,683527,-0.41,120.47,119.48,120.58,119.94,120.45,-0.41,-0.09
10/30/19,120.52,742493,0.72,119.71,119.33,120.60,120.51,120.95,0.72,0.33
10/29/19,119.66,510837,0.07,119.57,119.52,120.23,119.69,120.09,0.07,-0.39
10/28/19,119.58,446020,0.47,119.55,119.26,119.96,119.61,120.01,0.47,-0.45
10/25/19,119.02,355256,0.29,118.47,118.17,119.35,119.05,119.44,0.29,-0.92
10/24/19,118.68,623713,1.13,118.21,118.03,118.86,118.66,119.10,1.13,-1.20
10/23/19,117.35,998137,-0.05,117.17,116.88,117.65,117.38,117.77,-0.05,-2.31
10/22/19,117.41,986559,-1.21,119.25,117.34,119.47,117.38,117.83,-1.21,-2.26
10/21/19,118.85,1496179,0.50,118.74,118.30,118.92,118.87,119.27,0.50,-1.06
10/18/19,118.26,865257,-0.56,118.60,117.69,119.08,118.27,118.68,-0.56,-1.55
10/17/19,118.93,653604,0.26,119.16,118.74,119.57,118.89,119.35,0.26,-0.99
10/16/19,118.62,995628,-0.57,118.84,118.03,118.84,118.57,119.04,-0.57,-1.25
10/15/19,119.30,669187,0.53,118.96,118.96,119.66,119.29,119.72,0.53,-0.68
10/14/19,118.67,1888533,-0.18,118.87,118.54,119.30,118.70,119.09,-0.18,-1.21
10/11/19,118.88,1491067,0.80,119.15,118.84,119.91,118.95,119.30,0.80,-1.03
10/10/19,117.94,1484020,0.36,117.15,117.15,118.35,117.93,118.36,0.36,-1.82
10/09/19,117.52,1085601,1.12,117.03,116.93,117.93,117.54,117.94,1.12,-2.17
10/08/19,116.22,3234494,-1.84,117.57,116.16,118.20,116.20,116.63,-1.84,-3.25
10/07/19,118.40,1733022,-0.54,118.70,118.28,119.21,118.45,118.82,-0.54,-1.43
10/04/19,119.04,2684292,1.62,117.57,117.57,119.16,119.09,119.46,1.62,-0.90
10/03/19,117.14,2659469,1.10,115.78,114.88,117.17,117.14,117.56,1.10,-2.48
10/02/19,115.87,1954434,-1.78,117.19,115.16,117.64,115.88,116.28,-1.78,-3.54
10/01/19,117.97,6123551,-1.07,119.46,117.95,119.81,118.00,118.39,-1.07,-1.79
09/30/19,119.25,1590302,0.61,118.82,118.65,119.56,119.21,119.67,0.61,-0.73
09/27/19,118.53,1421298,-1.04,120.06,117.72,120.13,118.51,118.95,-1.04,-1.33
09/26/19,119.78,1980425,0.20,119.80,118.99,120.16,119.75,120.21,0.20,-0.29
09/25/19,119.54,2054587,0.22,119.12,118.18,119.79,119.62,119.97,0.22,-0.48
09/24/19,119.28,5964752,-1.03,120.63,118.81,121.01,119.23,119.70,-0.68,-0.70
09/23/19,120.52,518045,0.07,120.16,120.11,120.78,120.49,120.52,0.07,-0.02
09/20/19,120.44,1414048,-0.38,121.31,119.92,121.36,120.43,120.44,-0.38,-0.09
09/19/19,120.90,642856,0.11,120.94,120.82,121.57,120.95,120.90,0.11,0.29
09/18/19,120.77,570652,0.12,120.54,119.34,120.96,120.75,120.77,0.12,0.18
09/17/19,120.62,1169698,0.90,119.63,119.63,120.65,120.61,120.62,0.90,0.06
09/16/19,119.55,1234415,-0.46,119.49,119.00,119.86,119.59,119.55,-0.46,-0.83
09/13/19,120.10,2500960,-0.57,120.88,119.97,120.88,120.14,120.10,-0.57,-0.37
09/12/19,120.79,2358732,0.93,120.36,120.36,121.28,120.76,120.79,0.93,0.20
09/11/19,119.68,2791742,0.44,119.40,118.99,119.74,119.75,119.68,0.44,-0.72
09/10/19,119.16,2601882,-1.48,120.30,118.30,120.30,119.20,119.16,-1.48,-1.15
09/09/19,120.95,1430518,-1.66,123.47,120.50,123.48,120.91,120.95,-1.66,0.33
09/06/19,122.99,853485,-0.03,123.36,122.88,123.50,122.99,122.99,-0.03,2.02
09/05/19,123.03,758702,0.97,122.82,122.58,123.37,123.00,123.03,0.97,2.06
09/04/19,121.85,1046218,1.20,121.31,120.99,121.85,121.82,121.85,1.20,1.08
09/03/19,120.41,717399,-0.53,120.37,119.92,120.75,120.43,120.41,-0.53,-0.12
08/30/19,121.05,1510392,-0.15,121.89,120.41,122.27,121.10,121.05,-0.15,0.41
08/29/19,121.23,594685,1.19,121.01,120.37,121.54,121.20,121.23,1.19,0.56
08/28/19,119.81,1070253,0.46,119.03,118.40,119.93,119.80,119.81,0.46,-0.61
08/27/19,119.26,594268,0.08,119.87,118.85,120.21,119.30,119.26,0.08,-1.07
08/26/19,119.16,566185,1.29,118.65,118.04,119.16,119.13,119.16,1.29,-1.15
08/23/19,117.64,1497243,-2.55,120.18,117.13,121.15,117.62,117.64,-2.55,-2.41
08/22/19,120.72,444643,-0.11,121.20,119.75,121.38,120.69,120.72,-0.11,0.14
08/21/19,120.85,464603,0.92,120.58,120.41,121.00,120.90,120.85,0.92,0.25
08/20/19,119.75,579178,-0.53,120.20,119.68,120.70,119.74,119.75,-0.53,-0.66
08/19/19,120.39,660319,0.96,120.69,119.94,120.72,120.41,120.39,0.96,-0.13
08/16/19,119.25,1249533,1.39,118.34,118.19,119.47,119.25,119.25,1.39,-1.08
08/15/19,117.62,1048962,0.43,117.28,116.80,118.00,117.63,117.62,0.43,-2.43
08/14/19,117.12,1030362,-2.75,118.91,117.04,119.31,117.12,117.12,-2.75,-2.85
08/13/19,120.43,3042073,1.48,118.56,118.09,120.73,120.39,120.43,1.48,-0.10
08/12/19,118.67,540933,-1.23,119.61,118.16,119.73,118.65,118.67,-1.23,-1.56
08/09/19,120.15,599974,-0.32,120.10,119.25,120.69,120.12,120.15,-0.32,-0.33
08/08/19,120.53,1761356,2.08,118.66,118.66,120.57,120.50,120.53,2.08,-0.02
08/07/19,118.07,1580795,0.30,116.41,115.50,118.42,118.04,118.07,0.30,-2.06
08/06/19,117.72,1933031,1.81,116.60,116.42,117.92,117.72,117.72,1.81,-2.35
08/05/19,115.63,1337449,-3.08,117.32,114.69,117.70,115.72,115.63,-3.08,-4.08
08/02/19,119.30,1827941,-1.04,120.05,118.65,120.12,119.32,119.30,-1.04,-1.04
08/01/19,120.55,3194936,,120.89,120.14,122.64,120.47,120.55,,
